[{"type": "Desktop", "interface": "USB 3.0", "capacity": "6000 GB", "price_/_gb": "$0.280", "color": null, "name": "Buslink CipherShield", "price": "$1681.79"}, {"type": "Desktop", "interface": "USB 3.0, USB Type-C", "capacity": "28000 GB", "price_/_gb": "$0.037", "color": "Black", "name": "Western Digital My Book Duo", "price": "$1041.29"}, {"type": "Portable", "interface": "USB 3.0", "capacity": "1000 GB", "price_/_gb": "$0.064", "color": null, "name": "Seagate Backup Plus", "price": "$64.09"}, {"type": "Portable", "interface": "USB 3.1", "capacity": "1920 GB", "price_/_gb": "$0.348", "color": null, "name": "SanDisk Extreme 900", "price": "$667.49"}, {"type": "Portable", "interface": "USB 3.0", "capacity": "1000 GB", "price_/_gb": "$0.053", "color": null, "name": "Western Digital Elements", "price": "$53.39"}, {"type": "Desktop", "interface": "USB 3.0", "capacity": "4000 GB", "price_/_gb": "$0.025", "color": null, "name": "Seagate Expansion", "price": "$101.80"}, {"type": "Desktop", "interface": "USB 3.0", "capacity": "8000 GB", "price_/_gb": "$0.018", "color": "Black", "name": "Western Digital ELEMENTS", "price": "$144.80"}, {"type": "Portable", "interface": "USB Type-C", "capacity": "2000 GB", "price_/_gb": "$0.204", "color": "Black", "name": "Samsung T5", "price": "$407.59"}, {"type": "Portable", "interface": "USB 3.0", "capacity": "2000 GB", "price_/_gb": null, "color": null, "name": "Seagate Backup Plus Slim", "price": null}, {"type": "Portable", "interface": "USB 3.0", "capacity": "500 GB", "price_/_gb": "$0.085", "color": null, "name": "Verbatim 97805", "price": "$42.37"}, {"type": "Desktop", "interface": "USB 2.0", "capacity": "120 GB", "price_/_gb": null, "color": null, "name": "Apricom ASSD-3PL256-120F", "price": null}, {"type": "Portable", "interface": "USB Type-C", "capacity": "1000 GB", "price_/_gb": "$0.198", "color": null, "name": "Samsung T5", "price": "$198.47"}, {"type": "Desktop", "interface": "USB 3.0", "capacity": "8000 GB", "price_/_gb": "$0.017", "color": null, "name": "Seagate Expansion", "price": "$134.39"}, {"type": "Portable", "interface": "USB Type-C", "capacity": "500 GB", "price_/_gb": "$0.201", "color": null, "name": "Samsung T5", "price": "$100.69"}, {"type": "Desktop", "interface": "USB 3.0, USB Type-C", "capacity": "16000 GB", "price_/_gb": "$0.030", "color": "Black", "name": "Western Digital My Book Duo", "price": "$482.25"}, {"type": "Desktop", "interface": "USB 3.0, USB Type-C", "capacity": "20000 GB", "price_/_gb": "$0.038", "color": "Black", "name": "Western Digital My Book Duo", "price": "$766.99"}, {"type": "Portable", "interface": "USB 3.0", "capacity": "4000 GB", "price_/_gb": "$0.028", "color": "Black", "name": "Western Digital My Passport", "price": "$112.29"}, {"type": "Desktop", "interface": "USB 3.0", "capacity": "10000 GB", "price_/_gb": "$0.023", "color": "Black", "name": "Seagate Backup Plus Hub", "price": "$225.38"}, {"type": "Desktop", "interface": "USB 3.0", "capacity": "10000 GB", "price_/_gb": "$0.019", "color": "Black", "name": "Western Digital WDBWLG0100HBK-NESN", "price": "$189.86"}, {"type": "Portable", "interface": "USB 3.0", "capacity": "1000 GB", "price_/_gb": "$0.060", "color": "Black", "name": "Seagate Backup Plus Slim", "price": "$59.69"}, {"type": "Desktop", "interface": "USB 3.0", "capacity": "8000 GB", "price_/_gb": "$0.020", "color": null, "name": "Western Digital easystore", "price": "$156.80"}, {"type": "Desktop", "interface": "USB 3.0", "capacity": "12000 GB", "price_/_gb": "$0.021", "color": null, "name": "Western Digital easystore", "price": "$248.69"}, {"type": "Portable", "interface": "USB 3.0", "capacity": "5000 GB", "price_/_gb": "$0.023", "color": "Black", "name": "Western Digital WD_BLACK P10", "price": "$115.79"}, {"type": "Portable", "interface": "USB 3.1", "capacity": "4000 GB", "price_/_gb": "$0.194", "color": "Black", "name": "Buslink DL-4TSDU31G2", "price": "$774.28"}, {"type": "Portable", "interface": "USB 3.0", "capacity": "5000 GB", "price_/_gb": "$0.024", "color": "Black", "name": "Seagate Backup Plus Portable", "price": "$120.89"}, {"type": "Desktop", "interface": "USB 3.0", "capacity": "10000 GB", "price_/_gb": "$0.020", "color": "Black", "name": "Western Digital My Book", "price": "$196.60"}, {"type": "Portable", "interface": "USB 3.0", "capacity": "1000 GB", "price_/_gb": "$0.061", "color": null, "name": "Toshiba Canvio Basics", "price": "$60.69"}, {"type": "Portable", "interface": "USB 3.0", "capacity": "2000 GB", "price_/_gb": "$0.042", "color": "Black", "name": "Western Digital WD_BLACK P10", "price": "$83.08"}, {"type": "Desktop", "interface": "USB 3.0", "capacity": "14000 GB", "price_/_gb": "$0.023", "color": null, "name": "Western Digital Easystore", "price": "$317.59"}, {"type": "Portable", "interface": "USB 3.0", "capacity": "1000 GB", "price_/_gb": null, "color": null, "name": "Western Digital Elements", "price": null}, {"type": "Portable", "interface": "USB 3.0", "capacity": "4000 GB", "price_/_gb": "$0.027", "color": "Black", "name": "Seagate Backup Plus Portable", "price": "$107.49"}, {"type": "Desktop", "interface": "USB 3.0", "capacity": "8000 GB", "price_/_gb": "$0.022", "color": "Black", "name": "Western Digital My Book", "price": "$172.08"}, {"type": "Desktop", "interface": "USB 3.0", "capacity": "4000 GB", "price_/_gb": "$0.022", "color": null, "name": "Western Digital Elements", "price": "$87.98"}, {"type": "Desktop", "interface": "USB 3.0", "capacity": "6000 GB", "price_/_gb": "$0.020", "color": "Black", "name": "Seagate STEB6000403", "price": "$117.69"}, {"type": "Portable", "interface": "USB 3.0", "capacity": "4000 GB", "price_/_gb": "$0.028", "color": "Black", "name": "Western Digital Elements Portable", "price": "$113.39"}, {"type": "Desktop", "interface": "SATA 6 Gb/s", "capacity": "8000 GB", "price_/_gb": "$0.019", "color": null, "name": "Seagate Backup Plus Hub", "price": "$150.99"}, {"type": "Portable", "interface": "USB 3.0", "capacity": "2000 GB", "price_/_gb": "$0.048", "color": null, "name": "Seagate Backup Plus Slim", "price": "$95.38"}, {"type": "Portable", "interface": "USB 3.0", "capacity": "2000 GB", "price_/_gb": "$0.078", "color": null, "name": "Western Digital My Passport Ultra Portable", "price": "$155.29"}, {"type": "Desktop", "interface": "USB 3.0, USB Type-C", "capacity": "12000 GB", "price_/_gb": "$0.036", "color": "Black", "name": "Western Digital My Book Duo", "price": "$432.39"}, {"type": "Desktop", "interface": "Thunderbolt", "capacity": "4000 GB", "price_/_gb": "$0.147", "color": null, "name": "Western Digital My Book Thunderbolt Duo", "price": "$586.10"}, {"type": "Portable", "interface": "USB 3.0", "capacity": "2000 GB", "price_/_gb": "$0.053", "color": null, "name": "Western Digital Elements", "price": "$106.39"}, {"type": "Portable", "interface": "USB 3.0", "capacity": "2000 GB", "price_/_gb": null, "color": null, "name": "Seagate Backup Plus", "price": null}, {"type": "Portable", "interface": "USB 3.0", "capacity": "4000 GB", "price_/_gb": "$0.035", "color": "Black", "name": "Western Digital WD_BLACK P10", "price": "$139.29"}, {"type": "Portable", "interface": "USB 3.0", "capacity": "2000 GB", "price_/_gb": "$0.034", "color": "Black", "name": "Seagate Backup Plus Ultra Touch", "price": "$68.49"}, {"type": "Desktop", "interface": "USB 3.0", "capacity": "5000 GB", "price_/_gb": "$0.044", "color": null, "name": "Seagate Expansion", "price": "$218.08"}, {"type": "Desktop", "interface": "USB 3.0", "capacity": "4000 GB", "price_/_gb": "$0.023", "color": null, "name": "Seagate Expansion", "price": "$91.39"}, {"type": "Portable", "interface": "USB 3.0", "capacity": "2000 GB", "price_/_gb": null, "color": null, "name": "Seagate Backup Plus Slim", "price": null}, {"type": "Desktop", "interface": "USB 3.0", "capacity": "3000 GB", "price_/_gb": "$0.033", "color": null, "name": "Seagate Expansion", "price": "$100.29"}, {"type": "Desktop", "interface": "Thunderbolt, USB 3.0", "capacity": "6000 GB", "price_/_gb": "$0.127", "color": null, "name": "LaCie d2", "price": "$760.10"}, {"type": "Desktop", "interface": "USB 3.0", "capacity": "4000 GB", "price_/_gb": "$0.029", "color": "Black", "name": "Western Digital My Book", "price": "$115.14"}, {"type": "Portable", "interface": "USB 3.0", "capacity": "1000 GB", "price_/_gb": "$0.060", "color": "Black", "name": "Seagate Backup Plus Ultra Touch", "price": "$60.10"}, {"type": "Portable", "interface": "USB 3.0", "capacity": "1000 GB", "price_/_gb": null, "color": null, "name": "Seagate Expansion ", "price": null}, {"type": "Portable", "interface": "USB Type-C", "capacity": "250 GB", "price_/_gb": "$0.418", "color": "Blue", "name": "Samsung T5", "price": "$104.59"}, {"type": "Portable", "interface": "USB 3.0", "capacity": "2000 GB", "price_/_gb": "$0.040", "color": "White", "name": "Seagate Backup Plus Ultra Touch", "price": "$80.98"}, {"type": "Portable", "interface": "USB 3.0", "capacity": "2000 GB", "price_/_gb": "$0.081", "color": null, "name": "Western Digital My Passport", "price": "$161.37"}, {"type": "Portable", "interface": "USB 3.0", "capacity": "1000 GB", "price_/_gb": "$0.056", "color": null, "name": "ADATA DashDrive Durable HD650", "price": "$55.75"}, {"type": "Portable", "interface": "USB 3.1", "capacity": "960 GB", "price_/_gb": "$0.295", "color": null, "name": "SanDisk Extreme 900", "price": "$283.49"}, {"type": "Desktop", "interface": "USB 3.0", "capacity": "3000 GB", "price_/_gb": "$0.030", "color": "Black", "name": "Western Digital My Book", "price": "$89.19"}, {"type": "Desktop", "interface": "USB 3.0", "capacity": "3000 GB", "price_/_gb": "$0.112", "color": null, "name": "Western Digital My Book for Mac", "price": "$336.07"}, {"type": "Desktop", "interface": "USB 3.0, USB Type-C", "capacity": "8000 GB", "price_/_gb": "$0.047", "color": "Black", "name": "Western Digital My Book Duo", "price": "$375.79"}, {"type": "Portable", "interface": "USB 3.0", "capacity": "5000 GB", "price_/_gb": "$0.023", "color": "Blue / White", "name": "Seagate Backup Plus Portable", "price": "$114.19"}, {"type": "Desktop", "interface": "USB 3.0", "capacity": "6000 GB", "price_/_gb": "$0.026", "color": "Black", "name": "Western Digital My Book", "price": "$153.39"}, {"type": "Desktop", "interface": "USB 3.0, USB Type-C", "capacity": "4000 GB", "price_/_gb": "$0.076", "color": "Black", "name": "Western Digital My Book Duo", "price": "$305.49"}, {"type": "Desktop", "interface": "USB 3.0", "capacity": "5000 GB", "price_/_gb": "$0.033", "color": null, "name": "Seagate Backup Plus", "price": "$167.12"}, {"type": "Portable", "interface": "USB 3.0", "capacity": "256 GB", "price_/_gb": "$0.302", "color": null, "name": "ADATA SD700", "price": "$77.28"}, {"type": "Desktop", "interface": "USB 3.0", "capacity": "4000 GB", "price_/_gb": "$0.047", "color": null, "name": "Western Digital My Book", "price": "$186.18"}, {"type": "Desktop", "interface": "USB 3.0", "capacity": "2000 GB", "price_/_gb": null, "color": null, "name": "Seagate Expansion", "price": null}, {"type": "Portable", "interface": "USB Type-C", "capacity": "250 GB", "price_/_gb": null, "color": null, "name": "ADATA SE730", "price": null}, {"type": "Desktop", "interface": "USB 3.0", "capacity": "6000 GB", "price_/_gb": "$0.082", "color": null, "name": "Seagate Backup Plus", "price": "$493.60"}, {"type": "Portable", "interface": "USB 3.0", "capacity": "500 GB", "price_/_gb": "$0.186", "color": null, "name": "Western Digital Elements", "price": "$93.10"}, {"type": "Portable", "interface": null, "capacity": "1000 GB", "price_/_gb": "$0.106", "color": null, "name": "Western Digital WDBGPU0010BBK-NESN", "price": "$106.08"}, {"type": "Portable", "interface": "USB 3.0", "capacity": "1000 GB", "price_/_gb": "$0.146", "color": null, "name": "ADATA SD700", "price": "$145.69"}, {"type": "Desktop", "interface": "USB 3.0", "capacity": "8000 GB", "price_/_gb": "$0.028", "color": null, "name": "Seagate Backup Plus", "price": "$221.70"}, {"type": "Desktop", "interface": "USB 3.0", "capacity": "3000 GB", "price_/_gb": null, "color": null, "name": "Western Digital Elements", "price": null}, {"type": "Portable", "interface": "USB 3.0", "capacity": "256 GB", "price_/_gb": "$0.284", "color": null, "name": "Verbatim Store 'n' Go", "price": "$72.68"}, {"type": "Portable", "interface": "USB 3.0", "capacity": "1000 GB", "price_/_gb": null, "color": null, "name": "Western Digital My Passport Slim", "price": null}, {"type": "Portable", "interface": "USB 3.0", "capacity": "2000 GB", "price_/_gb": null, "color": null, "name": "Western Digital My Passport", "price": null}, {"type": "Desktop", "interface": "USB 3.0", "capacity": "4000 GB", "price_/_gb": "$0.024", "color": "Black", "name": "Western Digital easystore", "price": "$97.79"}, {"type": "Desktop", "interface": "Thunderbolt", "capacity": "25000 GB", "price_/_gb": null, "color": null, "name": "LaCie 5big", "price": null}, {"type": "Desktop", "interface": "USB 3.0", "capacity": "2000 GB", "price_/_gb": null, "color": null, "name": "Toshiba Canvio Desk", "price": null}, {"type": "Desktop", "interface": "USB 3.0, USB Type-C", "capacity": "6000 GB", "price_/_gb": "$0.055", "color": "Black", "name": "Western Digital My Book Duo", "price": "$328.70"}, {"type": "Portable", "interface": "USB 3.0", "capacity": "5000 GB", "price_/_gb": null, "color": "Silver", "name": "Seagate STDR5000101", "price": null}, {"type": "Portable", "interface": "USB 3.1", "capacity": "2000 GB", "price_/_gb": null, "color": "Black", "name": "Asus FX HDD", "price": null}, {"type": "Desktop", "interface": "USB 3.0", "capacity": "1000 GB", "price_/_gb": "$0.078", "color": null, "name": "Buffalo Technology DriveStation Axis Velocity", "price": "$78.08"}, {"type": "Portable", "interface": "USB 3.0", "capacity": "500 GB", "price_/_gb": "$0.158", "color": null, "name": "Toshiba Canvio Connect", "price": "$78.81"}, {"type": "Desktop", "interface": "USB 3.0", "capacity": "1000 GB", "price_/_gb": "$0.155", "color": null, "name": "Western Digital My Book Essential", "price": "$154.94"}, {"type": "Portable", "interface": "USB 3.1", "capacity": "480 GB", "price_/_gb": "$0.592", "color": null, "name": "SanDisk Extreme 900", "price": "$284.09"}, {"type": "Portable", "interface": "USB 3.0", "capacity": "1000 GB", "price_/_gb": "$0.192", "color": null, "name": "Samsung P3", "price": "$192.40"}, {"type": "Portable", "interface": "Thunderbolt, USB 3.0", "capacity": "2000 GB", "price_/_gb": null, "color": null, "name": "LaCie Rugged", "price": null}, {"type": "Portable", "interface": "USB 3.0", "capacity": "2000 GB", "price_/_gb": null, "color": null, "name": "Seagate Backup Plus Slim", "price": null}, {"type": "Portable", "interface": "USB 3.0", "capacity": "1000 GB", "price_/_gb": "$0.072", "color": null, "name": "Transcend StoreJet ", "price": "$71.80"}, {"type": "Desktop", "interface": "USB 3.0", "capacity": "4000 GB", "price_/_gb": "$0.050", "color": null, "name": "Toshiba Canvio Desk", "price": "$199.59"}, {"type": "Portable", "interface": null, "capacity": "2000 GB", "price_/_gb": "$0.039", "color": null, "name": "Toshiba Canvio Basics 3.0", "price": "$78.48"}, {"type": "Desktop", "interface": "USB 3.0", "capacity": "2000 GB", "price_/_gb": "$0.099", "color": null, "name": "Western Digital My Book", "price": "$198.88"}, {"type": "Portable", "interface": "USB 3.0", "capacity": "1000 GB", "price_/_gb": "$0.062", "color": null, "name": "LaCie Rugged Mini", "price": "$61.59"}, {"type": "Portable", "interface": "USB 3.0", "capacity": "4000 GB", "price_/_gb": null, "color": null, "name": "Seagate Backup Plus", "price": null}, {"type": "Desktop", "interface": "USB 3.0", "capacity": "4000 GB", "price_/_gb": "$0.043", "color": null, "name": "Seagate Backup Plus", "price": "$173.55"}, {"type": "Portable", "interface": "Thunderbolt", "capacity": "1000 GB", "price_/_gb": "$0.588", "color": null, "name": "Seagate GoFlex for Mac", "price": "$588.38"}, {"type": "Portable", "interface": "IEEE 1394b, USB 2.0", "capacity": "1000 GB", "price_/_gb": null, "color": null, "name": "Western Digital My Passport Studio", "price": null}, {"type": "Desktop", "interface": "USB 3.0", "capacity": "3000 GB", "price_/_gb": "$0.077", "color": null, "name": "Transcend StoreJet 35T3", "price": "$230.29"}, {"type": "Portable", "interface": "USB 3.0", "capacity": "512 GB", "price_/_gb": "$0.265", "color": null, "name": "ADATA SD600 ", "price": "$135.77"}, {"type": "Portable", "interface": "USB 3.0", "capacity": "4000 GB", "price_/_gb": "$0.028", "color": "Blue / White", "name": "Seagate Backup Plus Portable", "price": "$110.99"}, {"type": "Portable", "interface": "USB 3.0", "capacity": "2000 GB", "price_/_gb": "$0.135", "color": "Black", "name": "Apricom Aegis Padlock Fortress", "price": "$269.22"}, {"type": "Desktop", "interface": "USB 3.0", "capacity": "3000 GB", "price_/_gb": "$0.053", "color": null, "name": "Western Digital My Book", "price": "$159.47"}, {"type": "Desktop", "interface": "eSATA 3Gb/s, IEEE 1394b, USB 3.0", "capacity": "3000 GB", "price_/_gb": "$0.211", "color": null, "name": "LaCie d2 Quadra", "price": "$634.37"}, {"type": "Portable", "interface": "USB 3.0", "capacity": "500 GB", "price_/_gb": null, "color": null, "name": "Western Digital My Passport Air", "price": null}, {"type": "Desktop", "interface": "USB 3.0", "capacity": "5000 GB", "price_/_gb": "$0.058", "color": null, "name": "Toshiba Canvio Desk", "price": "$291.19"}, {"type": "Portable", "interface": "USB 3.0", "capacity": "256 GB", "price_/_gb": "$0.307", "color": null, "name": "ADATA SD700", "price": "$78.48"}, {"type": "Portable", "interface": "USB 3.1", "capacity": "1000 GB", "price_/_gb": null, "color": "Black", "name": "Asus FX HDD", "price": null}, {"type": "Portable", "interface": "USB 3.0", "capacity": "1000 GB", "price_/_gb": null, "color": null, "name": "Samsung T1", "price": null}, {"type": "Desktop", "interface": "USB 3.0", "capacity": "5000 GB", "price_/_gb": null, "color": null, "name": "Samsung D3 Station", "price": null}, {"type": "Desktop", "interface": "USB 3.0, USB Type-C", "capacity": "24000 GB", "price_/_gb": "$0.044", "color": "Black", "name": "Western Digital My Book Duo", "price": "$1054.59"}, {"type": "Desktop", "interface": "USB 2.0", "capacity": "480 GB", "price_/_gb": "$1.016", "color": null, "name": "Apricom ASSD-3PL256-480F", "price": "$487.50"}, {"type": "Portable", "interface": "USB 3.0", "capacity": "1000 GB", "price_/_gb": "$0.064", "color": "White", "name": "Seagate Backup Plus Ultra Touch", "price": "$63.59"}, {"type": "Desktop", "interface": "eSATA 6Gb/s, IEEE 1394b, USB 3.0", "capacity": "4000 GB", "price_/_gb": null, "color": null, "name": "G-Technology 0G02538", "price": null}, {"type": "Desktop", "interface": "USB 3.0", "capacity": "3000 GB", "price_/_gb": "$0.064", "color": null, "name": "Toshiba Canvio Desk", "price": "$192.58"}, {"type": "Portable", "interface": "USB 3.0", "capacity": "128 GB", "price_/_gb": null, "color": null, "name": "Apricom Aegis Padlock", "price": null}, {"type": "Portable", "interface": "USB 3.0", "capacity": "2000 GB", "price_/_gb": "$0.048", "color": null, "name": "Transcend StoreJet", "price": "$95.15"}, {"type": "Desktop", "interface": "USB 3.0", "capacity": "6000 GB", "price_/_gb": "$0.043", "color": null, "name": "Western Digital My Book", "price": "$259.59"}, {"type": "Portable", "interface": "USB 3.0", "capacity": "128 GB", "price_/_gb": "$0.719", "color": null, "name": "Transcend TS128GESD200K", "price": "$92.08"}, {"type": "Portable", "interface": "USB 3.0", "capacity": "1000 GB", "price_/_gb": "$0.204", "color": null, "name": "Lenovo ThinkPad", "price": "$204.21"}, {"type": "Desktop", "interface": "USB 3.0", "capacity": "5000 GB", "price_/_gb": "$0.036", "color": null, "name": "Western Digital Elements", "price": "$182.19"}, {"type": "Desktop", "interface": "USB 3.0", "capacity": "3000 GB", "price_/_gb": "$0.049", "color": null, "name": "Seagate Backup Plus", "price": "$145.83"}, {"type": "Portable", "interface": "USB 3.0", "capacity": "250 GB", "price_/_gb": null, "color": null, "name": "Samsung MU-PS250B/AM", "price": null}, {"type": "Desktop", "interface": "USB 2.0", "capacity": "1000 GB", "price_/_gb": null, "color": null, "name": "Seagate FreeAgent GoFlex Desk", "price": null}, {"type": "Desktop", "interface": "Thunderbolt", "capacity": "10000 GB", "price_/_gb": null, "color": null, "name": "LaCie 2big", "price": null}, {"type": "Desktop", "interface": "USB 2.0", "capacity": "240 GB", "price_/_gb": null, "color": null, "name": "Apricom ASSD-3PL256-240F", "price": null}, {"type": "Portable", "interface": "USB 3.0", "capacity": "512 GB", "price_/_gb": "$0.205", "color": null, "name": "ADATA SD700", "price": "$104.73"}, {"type": "Portable", "interface": "USB 3.0", "capacity": "2000 GB", "price_/_gb": null, "color": null, "name": "Samsung P3 Portable", "price": null}, {"type": "Desktop", "interface": "Thunderbolt", "capacity": "1000 GB", "price_/_gb": null, "color": null, "name": "Buffalo Technology DriveStation", "price": null}, {"type": "Portable", "interface": "USB 3.0", "capacity": "2000 GB", "price_/_gb": "$0.048", "color": null, "name": "ADATA AHV620-2TU3-CBK", "price": "$96.60"}, {"type": "Portable", "interface": "USB 3.0", "capacity": "1500 GB", "price_/_gb": null, "color": null, "name": "Western Digital Elements", "price": null}, {"type": "Portable", "interface": "USB 3.0", "capacity": "2000 GB", "price_/_gb": null, "color": null, "name": "Toshiba Canvio Basics 3.0", "price": null}, {"type": "Portable", "interface": "USB 3.0", "capacity": "1000 GB", "price_/_gb": "$0.066", "color": "Black", "name": "Buffalo Technology Americas MiniStation", "price": "$65.98"}, {"type": "Portable", "interface": "USB 3.0", "capacity": "1000 GB", "price_/_gb": null, "color": null, "name": "Hitachi HGST Touro Mobile", "price": null}, {"type": "Portable", "interface": "Thunderbolt, USB 3.0", "capacity": "256 GB", "price_/_gb": null, "color": null, "name": "LaCie Rugged ", "price": null}, {"type": "Portable", "interface": "USB 3.0", "capacity": "500 GB", "price_/_gb": null, "color": null, "name": "Samsung MU-PS500B/AM", "price": null}, {"type": "Desktop", "interface": "USB 3.0", "capacity": "2000 GB", "price_/_gb": "$0.053", "color": null, "name": "Buffalo Technology DriveStation Axis Velocity", "price": "$105.34"}, {"type": "Desktop", "interface": "USB 3.0", "capacity": "3000 GB", "price_/_gb": null, "color": null, "name": "Seagate Backup Plus", "price": null}, {"type": "Portable", "interface": "USB 3.0", "capacity": "5000 GB", "price_/_gb": null, "color": "Black", "name": "Seagate STDR5000103", "price": null}, {"type": "Portable", "interface": "USB 3.0", "capacity": "256 GB", "price_/_gb": "$0.439", "color": null, "name": "ADATA SD600 ", "price": "$112.42"}, {"type": "Desktop", "interface": "IEEE 1394b, USB 2.0", "capacity": "2000 GB", "price_/_gb": "$0.214", "color": null, "name": "Western Digital My Book Studio", "price": "$428.51"}, {"type": "Desktop", "interface": "eSATA 3Gb/s, IEEE 1394, IEEE 1394b, USB 2.0", "capacity": "2000 GB", "price_/_gb": "$0.202", "color": null, "name": "Buffalo Technology DriveStation Combo 4", "price": "$404.19"}, {"type": "Portable", "interface": "USB 3.0", "capacity": "2000 GB", "price_/_gb": null, "color": null, "name": "Seagate Backup Plus Slim", "price": null}, {"type": "Portable", "interface": "USB 3.0", "capacity": "1000 GB", "price_/_gb": null, "color": null, "name": "Western Digital My Passport Air", "price": null}, {"type": "Portable", "interface": "USB 3.0", "capacity": "500 GB", "price_/_gb": "$0.165", "color": null, "name": "Toshiba Canvio Connect", "price": "$82.29"}, {"type": "Portable", "interface": "USB 3.0", "capacity": "14000 GB", "price_/_gb": null, "color": "Black", "name": "Apricom Aegis Padlock DT", "price": null}, {"type": "Portable", "interface": "USB 3.0", "capacity": "5000 GB", "price_/_gb": null, "color": "Blue", "name": "Seagate STDR5000102", "price": null}, {"type": "Portable", "interface": null, "capacity": "1000 GB", "price_/_gb": "$0.087", "color": null, "name": "Verbatim Titan XS", "price": "$86.70"}, {"type": "Portable", "interface": "USB 3.0", "capacity": "1000 GB", "price_/_gb": "$0.062", "color": null, "name": "ADATA DashDrive Durable HD650", "price": "$62.27"}, {"type": "Portable", "interface": null, "capacity": "5000 GB", "price_/_gb": null, "color": null, "name": "Seagate STDR5000100", "price": null}, {"type": "Portable", "interface": "USB 3.0", "capacity": "128 GB", "price_/_gb": "$0.878", "color": null, "name": "Verbatim Store 'n' Go", "price": "$112.39"}, {"type": "Portable", "interface": "IEEE 1394b, USB 2.0", "capacity": "2000 GB", "price_/_gb": null, "color": null, "name": "Western Digital My Passport Studio", "price": null}, {"type": "Desktop", "interface": "Thunderbolt", "capacity": "1000 GB", "price_/_gb": null, "color": null, "name": "LaCie  Little Big Disk", "price": null}, {"type": "Portable", "interface": "USB 3.0", "capacity": "1000 GB", "price_/_gb": null, "color": null, "name": "LaCie Porsche Design", "price": null}, {"type": "Portable", "interface": "USB 3.0", "capacity": "120 GB", "price_/_gb": null, "color": null, "name": "LaCie  Porsche Design", "price": null}, {"type": "Desktop", "interface": "USB 3.0", "capacity": "4000 GB", "price_/_gb": null, "color": null, "name": "LaCie Porsche Design", "price": null}, {"type": "Desktop", "interface": "USB 3.0", "capacity": "6000 GB", "price_/_gb": null, "color": null, "name": "Samsung D3 Station", "price": null}, {"type": "Portable", "interface": "USB 3.0", "capacity": "1000 GB", "price_/_gb": "$0.231", "color": null, "name": "Apricom Aegis Padlock Fortress", "price": "$230.91"}, {"type": "Desktop", "interface": "USB 3.0", "capacity": "2000 GB", "price_/_gb": "$0.114", "color": null, "name": "Seagate Backup Plus", "price": "$228.98"}, {"type": "Portable", "interface": "USB 3.0", "capacity": "512 GB", "price_/_gb": "$0.292", "color": null, "name": "ADATA SD700", "price": "$149.30"}, {"type": "Portable", "interface": "USB 3.0", "capacity": "1000 GB", "price_/_gb": "$0.129", "color": null, "name": "ADATA DashDrive", "price": "$129.21"}, {"type": "Portable", "interface": "USB 3.0", "capacity": "1000 GB", "price_/_gb": "$0.264", "color": null, "name": "Seagate  Backup Plus", "price": "$263.89"}, {"type": "Desktop", "interface": "USB 3.0", "capacity": "2000 GB", "price_/_gb": null, "color": null, "name": "Samsung D3 Station", "price": null}, {"type": "Portable", "interface": "USB 3.0", "capacity": "1000 GB", "price_/_gb": "$0.068", "color": null, "name": "Verbatim 97806", "price": "$68.19"}, {"type": "Portable", "interface": "USB 3.0", "capacity": "128 GB", "price_/_gb": null, "color": null, "name": "ADATA DashDrive SE720", "price": null}, {"type": "Portable", "interface": "USB 3.0", "capacity": "750 GB", "price_/_gb": null, "color": null, "name": "Toshiba Canvio Connect", "price": null}, {"type": "Portable", "interface": "Thunderbolt, USB 3.0", "capacity": "1000 GB", "price_/_gb": null, "color": null, "name": "LaCie Rugged", "price": null}, {"type": "Portable", "interface": "USB 3.0", "capacity": "256 GB", "price_/_gb": "$0.476", "color": null, "name": "ADATA SD600 ", "price": "$121.73"}, {"type": "Portable", "interface": "USB 3.0", "capacity": "1000 GB", "price_/_gb": "$0.213", "color": "Black", "name": "Freecom 35610", "price": "$212.69"}, {"type": "Desktop", "interface": "USB 3.0", "capacity": "2000 GB", "price_/_gb": "$0.112", "color": null, "name": "Apricom Aegis Padlock DT", "price": "$223.70"}, {"type": "Portable", "interface": "USB 3.0", "capacity": "2000 GB", "price_/_gb": "$0.053", "color": "Black", "name": "Buffalo Technology Americas MiniStation", "price": "$106.99"}, {"type": "Desktop", "interface": "USB 3.0", "capacity": "4000 GB", "price_/_gb": "$0.046", "color": "Black", "name": "Verbatim 99399", "price": "$182.42"}, {"type": "Portable", "interface": "USB 3.0", "capacity": "512 GB", "price_/_gb": "$0.277", "color": null, "name": "ADATA SD600 ", "price": "$141.57"}, {"type": "Portable", "interface": "USB 3.0", "capacity": "500 GB", "price_/_gb": "$0.337", "color": null, "name": "Transcend StoreJet", "price": "$168.32"}, {"type": "Desktop", "interface": "USB 2.0", "capacity": "1000 GB", "price_/_gb": null, "color": null, "name": "Imation Apollo Pro UX", "price": null}, {"type": "Desktop", "interface": "USB 3.0", "capacity": "2000 GB", "price_/_gb": null, "color": null, "name": "Buslink CSC-2T-U3", "price": null}, {"type": "Portable", "interface": null, "capacity": "250 GB", "price_/_gb": null, "color": null, "name": "LaCie Porsche Design", "price": null}, {"type": "Portable", "interface": "IEEE 1394b, USB 3.0", "capacity": "500 GB", "price_/_gb": null, "color": null, "name": "LaCie Rugged", "price": null}, {"type": "Desktop", "interface": "eSATA 6Gb/s, IEEE 1394b, USB 3.0", "capacity": "2000 GB", "price_/_gb": null, "color": null, "name": "G-Technology 0G02530", "price": null}, {"type": "Portable", "interface": "USB 3.0", "capacity": "2000 GB", "price_/_gb": "$0.054", "color": null, "name": "Toshiba Canvio Connect", "price": "$108.40"}, {"type": "Desktop", "interface": "USB 2.0", "capacity": "1000 GB", "price_/_gb": null, "color": null, "name": "Buslink CSC-1T-U2", "price": null}, {"type": "Desktop", "interface": "USB 3.0", "capacity": "2000 GB", "price_/_gb": "$0.260", "color": null, "name": "Buffalo Technology DriveStation Duo", "price": "$519.16"}, {"type": "Portable", "interface": "Thunderbolt, USB 3.0", "capacity": "120 GB", "price_/_gb": null, "color": null, "name": "LaCie Rugged", "price": null}, {"type": "Portable", "interface": "USB 3.0", "capacity": "2000 GB", "price_/_gb": "$0.064", "color": null, "name": "Toshiba Canvio Connect", "price": "$128.96"}, {"type": "Portable", "interface": null, "capacity": "1000 GB", "price_/_gb": "$0.116", "color": null, "name": "Toshiba Canvio Slim II", "price": "$116.39"}, {"type": "Desktop", "interface": "IEEE 1394b, USB 3.0", "capacity": "16000 GB", "price_/_gb": null, "color": null, "name": "LaCie 4big Quadra", "price": null}, {"type": "Desktop", "interface": "USB 3.0", "capacity": "2000 GB", "price_/_gb": null, "color": null, "name": "Western Digital Elements", "price": null}, {"type": "Portable", "interface": "USB 3.0", "capacity": "500 GB", "price_/_gb": null, "color": null, "name": "Samsung P3", "price": null}, {"type": "Portable", "interface": "USB 3.0", "capacity": "500 GB", "price_/_gb": null, "color": null, "name": "ADATA AHV620-500GU3-CBK", "price": null}, {"type": "Portable", "interface": "eSATA 3Gb/s, USB 2.0", "capacity": "1000 GB", "price_/_gb": null, "color": null, "name": "Apricom Aegis Padlock", "price": null}, {"type": "Portable", "interface": "USB 3.0", "capacity": "512 GB", "price_/_gb": "$0.706", "color": "Black", "name": "Apricom Aegis Padlock", "price": "$361.40"}, {"type": "Desktop", "interface": "USB 3.0", "capacity": "4000 GB", "price_/_gb": "$0.041", "color": null, "name": "Buffalo Technology DriveStation", "price": "$163.19"}, {"type": "Portable", "interface": "USB 3.0", "capacity": "1000 GB", "price_/_gb": "$0.169", "color": null, "name": "Apricom Aegis Bio", "price": "$169.20"}, {"type": "Desktop", "interface": "USB 3.0", "capacity": "8000 GB", "price_/_gb": null, "color": null, "name": "LaCie Porsche Design", "price": null}, {"type": "Portable", "interface": "USB 3.0", "capacity": "1000 GB", "price_/_gb": "$0.134", "color": null, "name": "Apricom Aegis Portable 3.0", "price": "$133.50"}, {"type": "Desktop", "interface": "USB 3.0", "capacity": "3000 GB", "price_/_gb": "$0.120", "color": null, "name": "Western Digital My Book", "price": "$359.56"}, {"type": "Desktop", "interface": "USB 3.0", "capacity": "4000 GB", "price_/_gb": null, "color": null, "name": "Western Digital My Book Studio", "price": null}, {"type": "Desktop", "interface": "USB 3.0", "capacity": "3000 GB", "price_/_gb": null, "color": null, "name": "Axiom USB3HD35S3TB-AX", "price": null}, {"type": "Portable", "interface": "USB 3.0", "capacity": "1000 GB", "price_/_gb": null, "color": null, "name": "Toshiba Canvio Connect", "price": null}, {"type": "Desktop", "interface": "USB 3.0", "capacity": "2000 GB", "price_/_gb": null, "color": null, "name": "Western Digital My Book for Mac", "price": null}, {"type": "Portable", "interface": "USB 3.0", "capacity": "1000 GB", "price_/_gb": "$0.092", "color": null, "name": "Toshiba Canvio Connect", "price": "$91.86"}, {"type": "Portable", "interface": "USB 3.0", "capacity": "2000 GB", "price_/_gb": null, "color": null, "name": "Toshiba Canvio Connect", "price": null}, {"type": "Desktop", "interface": "USB 3.0", "capacity": "8000 GB", "price_/_gb": null, "color": null, "name": "Buffalo Technology DriveStation Duo", "price": null}, {"type": "Portable", "interface": "USB 3.0", "capacity": "500 GB", "price_/_gb": null, "color": null, "name": "HP HPHDD2E30500AS1-RBU", "price": null}, {"type": "Desktop", "interface": "Thunderbolt, USB 3.0", "capacity": "3000 GB", "price_/_gb": "$0.170", "color": null, "name": "LaCie d2", "price": "$510.28"}, {"type": "Portable", "interface": "USB 3.0", "capacity": "1000 GB", "price_/_gb": null, "color": null, "name": "Imation Apollo Expert", "price": null}, {"type": "Portable", "interface": "USB 3.0", "capacity": "750 GB", "price_/_gb": null, "color": null, "name": "Lenovo ThinkPad", "price": null}, {"type": "Portable", "interface": "USB 3.0", "capacity": "2000 GB", "price_/_gb": "$0.065", "color": null, "name": "Buffalo Technology MiniStation ", "price": "$130.29"}, {"type": "Portable", "interface": "USB 3.0", "capacity": "1000 GB", "price_/_gb": null, "color": null, "name": "Hitachi HGST Touro Mobile Pro", "price": null}, {"type": "Desktop", "interface": "USB 3.0", "capacity": "4000 GB", "price_/_gb": null, "color": null, "name": "Hitachi HGST Touro Desk Pro", "price": null}, {"type": "Portable", "interface": "USB 3.0", "capacity": "128 GB", "price_/_gb": null, "color": "Black", "name": "Apricom Apricorn Aegis Padlock", "price": null}, {"type": "Desktop", "interface": "USB 3.0", "capacity": "3000 GB", "price_/_gb": null, "color": null, "name": "LaCie Minimus", "price": null}, {"type": "Desktop", "interface": "USB 3.0", "capacity": "4000 GB", "price_/_gb": null, "color": null, "name": "Edge Tech EDGDG-236236-PE", "price": null}, {"type": "Portable", "interface": "USB 3.0", "capacity": "500 GB", "price_/_gb": null, "color": null, "name": "Toshiba Canvio Connect", "price": null}, {"type": "Desktop", "interface": "eSATA 3Gb/s, IEEE 1394, IEEE 1394b, USB 2.0", "capacity": "1000 GB", "price_/_gb": null, "color": null, "name": "Buffalo Technology DriveStation", "price": null}, {"type": "Portable", "interface": "USB 3.0", "capacity": "500 GB", "price_/_gb": null, "color": null, "name": "Toshiba Canvio Connect", "price": null}, {"type": "Desktop", "interface": "eSATA 3Gb/s, IEEE 1394b, USB 3.0", "capacity": "5000 GB", "price_/_gb": null, "color": null, "name": "LaCie d2 Quadra", "price": null}, {"type": "Desktop", "interface": "Thunderbolt, USB 3.0", "capacity": "4000 GB", "price_/_gb": null, "color": null, "name": "LaCie d2", "price": null}, {"type": "Portable", "interface": "USB 3.0", "capacity": "2000 GB", "price_/_gb": null, "color": null, "name": "Toshiba Canvio Connect", "price": null}, {"type": "Portable", "interface": "USB 3.0", "capacity": "2000 GB", "price_/_gb": null, "color": null, "name": "Toshiba Canvio Connect", "price": null}, {"type": "Portable", "interface": "Thunderbolt", "capacity": "512 GB", "price_/_gb": null, "color": null, "name": "LaCie Little Big Disk", "price": null}, {"type": "Portable", "interface": "USB 3.0", "capacity": "500 GB", "price_/_gb": null, "color": null, "name": "Hitachi HGST Touro Mobile", "price": null}, {"type": "Portable", "interface": "IEEE 1394b, USB 3.0", "capacity": "500 GB", "price_/_gb": null, "color": null, "name": "LaCie Rugged", "price": null}, {"type": "Desktop", "interface": "USB 3.0", "capacity": "3000 GB", "price_/_gb": null, "color": null, "name": "Samsung D3 Station", "price": null}, {"type": "Desktop", "interface": "Thunderbolt, USB 3.0", "capacity": "5000 GB", "price_/_gb": null, "color": null, "name": "LaCie d2", "price": null}, {"type": "Desktop", "interface": "USB 3.0", "capacity": "4000 GB", "price_/_gb": "$0.099", "color": null, "name": "Buffalo Technology DriveStation Duo", "price": "$396.20"}, {"type": "Desktop", "interface": "IEEE 1394b, USB 3.0", "capacity": "8000 GB", "price_/_gb": null, "color": null, "name": "LaCie 4big Quadra", "price": null}, {"type": "Desktop", "interface": "USB 3.0", "capacity": "2000 GB", "price_/_gb": null, "color": null, "name": "Apricom Aegis Padlock DT", "price": null}, {"type": "Portable", "interface": "USB 3.0", "capacity": "750 GB", "price_/_gb": null, "color": null, "name": "Toshiba Canvio Connect", "price": null}, {"type": "Portable", "interface": "USB 3.0", "capacity": "1000 GB", "price_/_gb": "$0.116", "color": null, "name": "Toshiba Canvio Slim II", "price": "$115.92"}, {"type": "Portable", "interface": "USB 3.0", "capacity": "500 GB", "price_/_gb": null, "color": null, "name": "Lenovo ThinkPad", "price": null}, {"type": "Desktop", "interface": null, "capacity": "4000 GB", "price_/_gb": null, "color": null, "name": "Samsung D3 Station", "price": null}, {"type": "Portable", "interface": "USB 3.0", "capacity": "500 GB", "price_/_gb": null, "color": null, "name": "Axiom Mobile-D", "price": null}, {"type": "Desktop", "interface": "IEEE 1394b, USB 3.0", "capacity": "6000 GB", "price_/_gb": null, "color": null, "name": "LaCie 2big Quadra", "price": null}, {"type": "Portable", "interface": "USB 3.0", "capacity": "1000 GB", "price_/_gb": "$0.125", "color": null, "name": "Axiom Mobile-D", "price": "$125.22"}, {"type": "Portable", "interface": "USB 3.0", "capacity": "500 GB", "price_/_gb": "$0.382", "color": null, "name": "Apricom Aegis Padlock Fortress", "price": "$190.87"}, {"type": "Desktop", "interface": "USB 3.0", "capacity": "3000 GB", "price_/_gb": "$0.036", "color": null, "name": "Buffalo Technology DriveStation Axis Velocity", "price": "$107.84"}, {"type": "Portable", "interface": "USB 3.0", "capacity": "500 GB", "price_/_gb": "$0.350", "color": null, "name": "Apricom Aegis Padlock", "price": "$175.25"}, {"type": "Desktop", "interface": "USB 3.0", "capacity": "3000 GB", "price_/_gb": "$0.051", "color": null, "name": "Buffalo Technology DriveStation", "price": "$152.79"}, {"type": "Portable", "interface": "USB 3.0", "capacity": "250 GB", "price_/_gb": null, "color": null, "name": "Axiom Mobile-D", "price": null}, {"type": "Portable", "interface": "USB 3.0", "capacity": "1500 GB", "price_/_gb": null, "color": null, "name": "Toshiba Canvio Connect", "price": null}, {"type": "Portable", "interface": "USB 2.0", "capacity": "1000 GB", "price_/_gb": null, "color": null, "name": "Apricom Aegis Padlock", "price": null}, {"type": "Desktop", "interface": "IEEE 1394b, USB 3.0", "capacity": "12000 GB", "price_/_gb": null, "color": null, "name": "LaCie 4big Quadra", "price": null}, {"type": "Portable", "interface": "USB 3.0", "capacity": "500 GB", "price_/_gb": null, "color": null, "name": "Buffalo Technology MiniStation Extreme", "price": null}, {"type": "Portable", "interface": "USB 3.0", "capacity": "500 GB", "price_/_gb": null, "color": null, "name": "Hitachi GST Touro Mobile Pro", "price": null}, {"type": "Portable", "interface": "USB 3.0", "capacity": "512 GB", "price_/_gb": "$0.776", "color": null, "name": "Apricom Aegis Bio 3.0", "price": "$397.26"}, {"type": "Desktop", "interface": "USB 2.0", "capacity": "2000 GB", "price_/_gb": "$0.199", "color": null, "name": "Buslink CRF-2T-U2", "price": "$397.52"}, {"type": "Desktop", "interface": "USB 3.0", "capacity": "4000 GB", "price_/_gb": null, "color": null, "name": "Hitachi HGST Touro Desk", "price": null}, {"type": "Portable", "interface": "USB 3.0", "capacity": "128 GB", "price_/_gb": null, "color": null, "name": "Transcend TS128GSJC10K", "price": null}, {"type": "Portable", "interface": "USB 3.0", "capacity": "1500 GB", "price_/_gb": null, "color": null, "name": "Toshiba Canvio Connect", "price": null}, {"type": "Portable", "interface": "USB 3.0", "capacity": "1500 GB", "price_/_gb": null, "color": null, "name": "Toshiba Canvio Connect", "price": null}, {"type": "Portable", "interface": "USB 3.0", "capacity": "1000 GB", "price_/_gb": null, "color": null, "name": "ADATA SH14", "price": null}, {"type": "Portable", "interface": "USB 3.0", "capacity": "1500 GB", "price_/_gb": null, "color": null, "name": "Toshiba Canvio Connect", "price": null}, {"type": "Desktop", "interface": "USB 3.0", "capacity": "1000 GB", "price_/_gb": null, "color": null, "name": "Apricom Aegis Padlock DT", "price": null}, {"type": "Desktop", "interface": "USB 3.0", "capacity": "1000 GB", "price_/_gb": null, "color": null, "name": "Apricom Aegis Padlock DT", "price": null}, {"type": "Portable", "interface": "USB 3.0", "capacity": "500 GB", "price_/_gb": null, "color": null, "name": "LaCie Porsche Design", "price": null}, {"type": "Desktop", "interface": "USB 3.0", "capacity": "2000 GB", "price_/_gb": null, "color": null, "name": "Axiom USB3HD35S2TB-AX", "price": null}, {"type": "Portable", "interface": "USB 3.0", "capacity": "1000 GB", "price_/_gb": "$0.314", "color": null, "name": "Buffalo Technology MiniStation Extreme", "price": "$314.18"}, {"type": "Portable", "interface": "USB 2.0", "capacity": "500 GB", "price_/_gb": null, "color": null, "name": "Transcend StoreJet", "price": null}, {"type": "Desktop", "interface": "USB 3.0", "capacity": "6000 GB", "price_/_gb": "$0.089", "color": null, "name": "Buffalo Technology DriveStation Duo", "price": "$531.59"}, {"type": "Portable", "interface": "USB 3.0", "capacity": "750 GB", "price_/_gb": null, "color": null, "name": "Axiom Mobile-D", "price": null}, {"type": "Desktop", "interface": "USB 3.0", "capacity": "3000 GB", "price_/_gb": null, "color": null, "name": "Samsung D3 Station", "price": null}, {"type": "Portable", "interface": "USB 3.0", "capacity": "500 GB", "price_/_gb": null, "color": null, "name": "LaCie Rugged Mini", "price": null}, {"type": "Desktop", "interface": "Thunderbolt, USB 3.0", "capacity": "3000 GB", "price_/_gb": null, "color": null, "name": "LaCie d2", "price": null}, {"type": "Portable", "interface": "USB 3.0", "capacity": "500 GB", "price_/_gb": null, "color": null, "name": "Buffalo Technology MiniStation Extreme", "price": null}, {"type": "Desktop", "interface": "eSATA 6Gb/s, IEEE 1394b, USB 3.0", "capacity": "3000 GB", "price_/_gb": null, "color": null, "name": "G-Technology 0G02534", "price": null}, {"type": "Portable", "interface": "USB 2.0", "capacity": "750 GB", "price_/_gb": null, "color": null, "name": "Transcend StoreJet", "price": null}, {"type": "Portable", "interface": "USB 2.0", "capacity": "1000 GB", "price_/_gb": null, "color": null, "name": "Apricom Aegis Padlock", "price": null}, {"type": "Portable", "interface": "USB 2.0", "capacity": "500 GB", "price_/_gb": null, "color": null, "name": "Transcend StoreJet", "price": null}, {"type": "Desktop", "interface": "IEEE 1394b, USB 2.0", "capacity": "3000 GB", "price_/_gb": null, "color": null, "name": "Western Digital My Book Studio", "price": null}, {"type": "Desktop", "interface": "USB 3.0", "capacity": "1000 GB", "price_/_gb": "$0.228", "color": null, "name": "Buffalo Technology DriveStation Axis ", "price": "$227.59"}, {"type": "Desktop", "interface": "USB 3.0", "capacity": "5000 GB", "price_/_gb": null, "color": null, "name": "Seagate Expansion ", "price": null}, {"type": "Portable", "interface": "USB 3.0", "capacity": "500 GB", "price_/_gb": null, "color": null, "name": "LaCie Rugged Mini", "price": null}, {"type": "Portable", "interface": "USB 3.0", "capacity": "1000 GB", "price_/_gb": null, "color": null, "name": "Apricom Aegis Padlock", "price": null}, {"type": "Desktop", "interface": "Thunderbolt", "capacity": "512 GB", "price_/_gb": null, "color": null, "name": "Buffalo Technology DriveStation", "price": null}, {"type": "Desktop", "interface": "Thunderbolt", "capacity": "256 GB", "price_/_gb": null, "color": null, "name": "Buffalo Technology DriveStation", "price": null}, {"type": "Portable", "interface": "USB 3.0", "capacity": "1000 GB", "price_/_gb": "$0.097", "color": null, "name": "Verbatim Freecom", "price": "$96.59"}, {"type": "Desktop", "interface": "USB 3.0", "capacity": "2000 GB", "price_/_gb": "$0.079", "color": null, "name": "LaCie Minimus", "price": "$158.63"}, {"type": "Portable", "interface": "USB 3.0", "capacity": "750 GB", "price_/_gb": null, "color": null, "name": "Toshiba Canvio Connect", "price": null}, {"type": "Portable", "interface": "USB 3.0", "capacity": "750 GB", "price_/_gb": null, "color": null, "name": "Toshiba  Canvio Connect", "price": null}, {"type": "Portable", "interface": "USB 3.0", "capacity": "500 GB", "price_/_gb": null, "color": null, "name": "Apricom Aegis Padlock Fortress", "price": null}, {"type": "Portable", "interface": "USB 3.0", "capacity": "750 GB", "price_/_gb": null, "color": null, "name": "Toshiba Canvio Connect", "price": null}, {"type": "Portable", "interface": "USB 3.0", "capacity": "500 GB", "price_/_gb": null, "color": null, "name": "Apricom Aegis Padlock", "price": null}, {"type": "Portable", "interface": "IEEE 1394a, USB 3.0", "capacity": "1000 GB", "price_/_gb": null, "color": null, "name": "LaCie Rugged", "price": null}, {"type": "Portable", "interface": "USB 3.0", "capacity": "500 GB", "price_/_gb": null, "color": null, "name": "Apricom Aegis Portable 3.0", "price": null}, {"type": "Portable", "interface": "USB 3.0", "capacity": "1000 GB", "price_/_gb": "$0.317", "color": null, "name": "Buffalo Technology MiniStation Extreme", "price": "$316.98"}, {"type": "Desktop", "interface": "USB 3.0", "capacity": "2000 GB", "price_/_gb": null, "color": null, "name": "Transcend StoreJet 35T3", "price": null}, {"type": "Portable", "interface": "USB 3.0", "capacity": "500 GB", "price_/_gb": null, "color": null, "name": "Toshiba Canvio Connect", "price": null}, {"type": "Portable", "interface": "USB 3.0", "capacity": "500 GB", "price_/_gb": null, "color": null, "name": "Buffalo Technology MiniStation", "price": null}, {"type": "Portable", "interface": "USB 3.0", "capacity": "1000 GB", "price_/_gb": null, "color": null, "name": "Toshiba Canvio Slim II", "price": null}, {"type": "Portable", "interface": "USB 3.0", "capacity": "1000 GB", "price_/_gb": null, "color": null, "name": "Transcend StoreJet ", "price": null}, {"type": "Portable", "interface": "USB 3.0", "capacity": "1000 GB", "price_/_gb": null, "color": null, "name": "Buffalo Technology MiniStation Extreme", "price": null}, {"type": "Desktop", "interface": "eSATA 3Gb/s, IEEE 1394b, USB 3.0", "capacity": "2000 GB", "price_/_gb": null, "color": null, "name": "LaCie d2 Quadra", "price": null}, {"type": "Portable", "interface": "USB 3.0", "capacity": "1500 GB", "price_/_gb": null, "color": null, "name": "LaCie  Rugged Mini", "price": null}, {"type": "Portable", "interface": "USB 3.0", "capacity": "500 GB", "price_/_gb": "$0.449", "color": null, "name": "Buffalo Technology MiniStation Extreme", "price": "$224.29"}, {"type": "Portable", "interface": "USB 3.0", "capacity": "1500 GB", "price_/_gb": null, "color": null, "name": "Toshiba Canvio Connect", "price": null}, {"type": "Desktop", "interface": "Thunderbolt, USB 3.0", "capacity": "4000 GB", "price_/_gb": null, "color": null, "name": "LaCie d2", "price": null}, {"type": "Desktop", "interface": "USB 3.0", "capacity": "2000 GB", "price_/_gb": null, "color": null, "name": "Buffalo Technology DriveStation", "price": null}, {"type": "Portable", "interface": "USB 3.0", "capacity": "1000 GB", "price_/_gb": null, "color": null, "name": "Toshiba Canvio Connect", "price": null}, {"type": "Desktop", "interface": "USB 3.0", "capacity": "4000 GB", "price_/_gb": null, "color": null, "name": "Samsung D3 Station", "price": null}, {"type": "Portable", "interface": "USB 3.0", "capacity": "320 GB", "price_/_gb": "$0.435", "color": null, "name": "Axiom Mobile-D", "price": "$139.14"}, {"type": "Portable", "interface": "USB 3.0", "capacity": "500 GB", "price_/_gb": null, "color": null, "name": "LaCie Rikiki", "price": null}, {"type": "Portable", "interface": "USB 3.0", "capacity": "500 GB", "price_/_gb": null, "color": null, "name": "ADATA CH11", "price": null}, {"type": "Desktop", "interface": "USB 3.0", "capacity": "1000 GB", "price_/_gb": null, "color": null, "name": "Axiom USB3HD35S1TB-AX", "price": null}, {"type": "Desktop", "interface": "IEEE 1394b, USB 3.0", "capacity": "4000 GB", "price_/_gb": null, "color": null, "name": "LaCie 2big Quadra", "price": null}, {"type": "Portable", "interface": "USB 2.0", "capacity": "320 GB", "price_/_gb": null, "color": null, "name": "Apricom Aegis Padlock", "price": null}, {"type": "Portable", "interface": "USB 3.0", "capacity": "1000 GB", "price_/_gb": null, "color": null, "name": "Toshiba Canvio Connect", "price": null}, {"type": "Portable", "interface": "USB 3.0", "capacity": "1000 GB", "price_/_gb": "$0.265", "color": null, "name": "Verbatim Freecom", "price": "$265.38"}, {"type": "Desktop", "interface": null, "capacity": "500 GB", "price_/_gb": null, "color": null, "name": "Axiom USB3HD35S500-AX", "price": null}, {"type": "Desktop", "interface": null, "capacity": "250 GB", "price_/_gb": null, "color": null, "name": "Axiom USB3HD35S250-AX", "price": null}, {"type": "Portable", "interface": "USB 3.0", "capacity": "1000 GB", "price_/_gb": null, "color": null, "name": "Buffalo Technology MiniStation ", "price": null}, {"type": "Portable", "interface": "USB 3.0", "capacity": "320 GB", "price_/_gb": null, "color": null, "name": "Axiom Mobile-D", "price": null}, {"type": "Portable", "interface": "USB 3.0", "capacity": "250 GB", "price_/_gb": null, "color": null, "name": "Axiom Mobile-D", "price": null}, {"type": "Portable", "interface": null, "capacity": "500 GB", "price_/_gb": null, "color": null, "name": "Apricom Aegis Padlock", "price": null}, {"type": "Portable", "interface": "USB 3.0", "capacity": "500 GB", "price_/_gb": null, "color": null, "name": "Axiom Mobile-D", "price": null}, {"type": "Portable", "interface": "USB 3.0", "capacity": "1000 GB", "price_/_gb": null, "color": null, "name": "Toshiba Canvio Connect", "price": null}, {"type": "Desktop", "interface": "USB 3.0", "capacity": "2000 GB", "price_/_gb": null, "color": null, "name": "Samsung  D3 Station", "price": null}, {"type": "Desktop", "interface": "USB 3.0", "capacity": "4000 GB", "price_/_gb": null, "color": null, "name": "LaCie Blade Runner", "price": null}]