[{"channels": "5", "channel_wattage": "10 W", "pwm_(4-pin)": "Yes", "form_factor": "5.25\"", "color": null, "name": "Thermaltake Commander FT", "price": "$41.79"}, {"channels": "4", "channel_wattage": "20 W", "pwm_(4-pin)": "Yes", "form_factor": "5.25\"", "color": null, "name": "Aerocool CoolTouch-R Black", "price": "$40.89"}, {"channels": "4", "channel_wattage": "30 W", "pwm_(4-pin)": "No", "form_factor": "5.25\"", "color": null, "name": "Lamptron FC-FC5V2-B", "price": "$67.49"}, {"channels": "6", "channel_wattage": "0.03 W", "pwm_(4-pin)": "Yes", "form_factor": "5.25\"", "color": "Black", "name": "Thermaltake Commander F6 RGB", "price": "$60.01"}, {"channels": "4", "channel_wattage": "8 W", "pwm_(4-pin)": "No", "form_factor": "3.5\"", "color": null, "name": "Kingwin FPX-001", "price": "$21.05"}, {"channels": "5", "channel_wattage": "15 W", "pwm_(4-pin)": "Yes", "form_factor": "5.25\"", "color": null, "name": "NZXT SENTRY 3", "price": null}, {"channels": "5", "channel_wattage": "25 W", "pwm_(4-pin)": "No", "form_factor": "2 x 5.25\"", "color": null, "name": "Aerocool Touch 2100", "price": "$59.18"}, {"channels": "6", "channel_wattage": "30 W", "pwm_(4-pin)": "Yes", "form_factor": "5.25\"", "color": null, "name": "NZXT Sentry Mix 2", "price": null}, {"channels": "4", "channel_wattage": "10 W", "pwm_(4-pin)": "Yes", "form_factor": "5.25\"", "color": null, "name": "Deepcool ROCK MASTER V3.0", "price": "$21.18"}, {"channels": "6", "channel_wattage": "12 W", "pwm_(4-pin)": "Yes", "form_factor": "5.25\"", "color": null, "name": "Aerocool F6XT", "price": "$25.39"}, {"channels": "6", "channel_wattage": "30 W", "pwm_(4-pin)": "Yes", "form_factor": "5.25\"", "color": null, "name": "Lamptron FC Touch", "price": "$46.49"}, {"channels": "4", "channel_wattage": null, "pwm_(4-pin)": "No", "form_factor": "5.25\"", "color": null, "name": "Aerocool Touch-1000", "price": "$38.09"}, {"channels": "5", "channel_wattage": "10 W", "pwm_(4-pin)": "No", "form_factor": "5.25\"", "color": null, "name": "NZXT Sentry 2", "price": null}, {"channels": "5", "channel_wattage": "60 W", "pwm_(4-pin)": "Yes", "form_factor": "5.25\"", "color": null, "name": "Lamptron FC-CF525-BK", "price": null}, {"channels": "4", "channel_wattage": "8 W", "pwm_(4-pin)": "No", "form_factor": "5.25\"", "color": null, "name": "Kingwin FPX-003", "price": null}, {"channels": "5", "channel_wattage": "30 W", "pwm_(4-pin)": "No", "form_factor": "5.25\"", "color": null, "name": "NZXT Sentry Mesh", "price": null}, {"channels": "5", "channel_wattage": "8 W", "pwm_(4-pin)": "Yes", "form_factor": "5.25\"", "color": null, "name": "Kingwin FPX-005", "price": null}, {"channels": "5", "channel_wattage": "60 W", "pwm_(4-pin)": "Yes", "form_factor": "5.25\"", "color": null, "name": "Lamptron Fanatic", "price": null}, {"channels": "5", "channel_wattage": "6 W", "pwm_(4-pin)": "No", "form_factor": "2 x 5.25\"", "color": null, "name": "NZXT Sentry LX", "price": null}, {"channels": "4", "channel_wattage": "6 W", "pwm_(4-pin)": "No", "form_factor": "2 x 5.25\"", "color": null, "name": "Aerocool V12XT", "price": "$42.79"}, {"channels": "5", "channel_wattage": "10 W", "pwm_(4-pin)": "Yes", "form_factor": "5.25\"", "color": null, "name": "BitFenix Recon (Black)", "price": null}, {"channels": "5", "channel_wattage": "8 W", "pwm_(4-pin)": "Yes", "form_factor": "5.25\"", "color": null, "name": "Thermaltake AC-001-BN1NAN-A1", "price": null}, {"channels": "6", "channel_wattage": "30 W", "pwm_(4-pin)": "Yes", "form_factor": "5.25\"", "color": null, "name": "Lamptron FC-FC5V3-BK", "price": null}, {"channels": "4", "channel_wattage": "6 W", "pwm_(4-pin)": "No", "form_factor": "2 x 5.25\"", "color": null, "name": "Aerocool Touch 2000", "price": null}, {"channels": "5", "channel_wattage": "60 W", "pwm_(4-pin)": "Yes", "form_factor": "5.25\"", "color": null, "name": "Lamptron FC-FANATIC-B", "price": null}, {"channels": "4", "channel_wattage": "10 W", "pwm_(4-pin)": "Yes", "form_factor": "5.25\"", "color": null, "name": "Lamptron FC6", "price": null}, {"channels": "4", "channel_wattage": "36 W", "pwm_(4-pin)": "No", "form_factor": "5.25\"", "color": "Black", "name": "Scythe Kaze Master Flat II", "price": null}, {"channels": "6", "channel_wattage": "30 W", "pwm_(4-pin)": "Yes", "form_factor": "5.25\"", "color": null, "name": "Gelid Solutions SpeedTouch6", "price": null}, {"channels": "6", "channel_wattage": "45 W", "pwm_(4-pin)": "Yes", "form_factor": "5.25\"", "color": null, "name": "Lamptron FC2", "price": null}, {"channels": "6", "channel_wattage": "36 W", "pwm_(4-pin)": "No", "form_factor": "5.25\"", "color": null, "name": "Lamptron CW611-B", "price": null}, {"channels": "5", "channel_wattage": "25 W", "pwm_(4-pin)": "No", "form_factor": "5.25\"", "color": null, "name": "Aerocool Strike-X-X1000", "price": null}, {"channels": "5", "channel_wattage": "10 W", "pwm_(4-pin)": "Yes", "form_factor": "5.25\"", "color": null, "name": "BitFenix Recon (White)", "price": null}, {"channels": "5", "channel_wattage": "0.008 W", "pwm_(4-pin)": "No", "form_factor": "5.25\"", "color": "Black", "name": "Aerocool X-Vision", "price": null}, {"channels": "6", "channel_wattage": "45 W", "pwm_(4-pin)": "No", "form_factor": "5.25\"", "color": null, "name": "Lamptron FC-FC2-B", "price": null}, {"channels": "4", "channel_wattage": "50 W", "pwm_(4-pin)": "Yes", "form_factor": "5.25\"", "color": null, "name": "Lamptron FC9", "price": null}, {"channels": "6", "channel_wattage": "15 W", "pwm_(4-pin)": "No", "form_factor": "5.25\"", "color": null, "name": "Lamptron FC-CM615-BK", "price": null}]