[{"screen_size": "17.3\"", "resolution": "3840 x 2160", "memory": "32 GB", "cpu": "6C / 12T @ 2.6 GHz (Core i7-9750H)", "storage": "1 TB", "gpu": "NVIDIA GeForce RTX 2080", "name": "Acer Predator Triton 900", "price": "$4295.55"}, {"screen_size": "15.6\"", "resolution": "1920 x 1080", "memory": "16 GB", "cpu": "6C / 12T @ 2.6 GHz (Core i7-9750H)", "storage": "256 GB NVME SSD", "gpu": "NVIDIA GeForce GTX 1660 Ti", "name": "Acer Predator Helios 300", "price": "$1245.39"}, {"screen_size": "15.6\"", "resolution": "3840 x 2160", "memory": "32 GB", "cpu": "6C / 12T @ 2.6 GHz (Core i7-9750H)", "storage": "1 TB NVME SSD", "gpu": "NVIDIA GeForce RTX 2080", "name": "Acer ConceptD 7", "price": "$3372.49"}, {"screen_size": "17.3\"", "resolution": "3840 x 2160", "memory": "16 GB", "cpu": "6C / 12T @ 2.6 GHz (Core i7-9750H)", "storage": "1 TB NVME SSD", "gpu": "NVIDIA GeForce RTX 2080 Max-Q", "name": "Razer Blade Pro", "price": "$4176.39"}, {"screen_size": "17.3\"", "resolution": "1920 x 1080", "memory": "32 GB", "cpu": "6C / 12T @ 2.6 GHz (Core i7-9750H)", "storage": "1 TB NVME SSD", "gpu": "NVIDIA GeForce RTX 2080 Max-Q", "name": "Asus ROG Zephyrus S GX701", "price": "$3026.30"}, {"screen_size": "16\"", "resolution": "3072 x 1920", "memory": "16 GB", "cpu": "8C / 16T @ 2.3 GHz (Core i9-9980H)", "storage": "1.024 TB Integrated PCIe", "gpu": "AMD Radeon Pro 5500M", "name": "Apple MacBook Pro with Touch Bar (Mid 2019)", "price": "$2760.59"}, {"screen_size": "15.6\"", "resolution": "1920 x 1080", "memory": "32 GB", "cpu": "8C / 16T @ 2.3 GHz (Core i9-9880H)", "storage": "1 TB NVME SSD", "gpu": "NVIDIA GeForce RTX 2080 Max-Q", "name": "MSI Stealth", "price": "$3527.30"}, {"screen_size": "15.6\"", "resolution": "1920 x 1080", "memory": "16 GB", "cpu": "6C / 12T @ 2.6 GHz (Core i7-9750H)", "storage": "256 GB NVME SSD + 1 TB HDD", "gpu": "NVIDIA GeForce GTX 1660 Ti", "name": "Razer Blade 15", "price": "$1897.90"}, {"screen_size": "17.3\"", "resolution": "1920 x 1080", "memory": "64 GB", "cpu": "8C / 16T @ 2.4 GHz (Core i9-9980HK)", "storage": "1.5 TB NVME SSD", "gpu": "NVIDIA GeForce RTX 2080", "name": "Asus ROG Mothership GZ700", "price": "$7113.09"}, {"screen_size": "15.6\"", "resolution": "1920 x 1080", "memory": "8 GB", "cpu": "4C / 8T @ 2.4 GHz (Core i5-9300H)", "storage": "512 GB SSD", "gpu": "NVIDIA GeForce GTX 1650", "name": "Lenovo Ideapad L340", "price": "$788.93"}, {"screen_size": "11.6\"", "resolution": "1366 x 768", "memory": "4 GB", "cpu": "2C / 2T @ 1.6 GHz (Celeron N3060)", "storage": "16 GB eMMC", "gpu": "Intel HD Graphics 400", "name": "Asus Chromebook C202SA", "price": "$181.29"}, {"screen_size": "17.3\"", "resolution": "1920 x 1080", "memory": "32 GB", "cpu": "8C / 16T @ 2.3 GHz (Core i9-9880H)", "storage": "1 TB NVME SSD", "gpu": "NVIDIA GeForce RTX 2080", "name": "MSI GE75 Raider", "price": "$3515.50"}, {"screen_size": "15.6\"", "resolution": "3840 x 2160", "memory": "16 GB", "cpu": "6C / 12T @ 2.6 GHz (Core i7-9750H)", "storage": "1 TB NVME SSD", "gpu": "NVIDIA GeForce RTX 2060", "name": "Asus ZenBook Pro Duo", "price": "$2456.06"}, {"screen_size": "15.6\"", "resolution": "1920 x 1080", "memory": "8 GB", "cpu": "2C / 4T @ 2.6 GHz (Ryzen 3 3200U)", "storage": "128 GB SSD", "gpu": "AMD Radeon Vega 3", "name": "Asus Vivobook", "price": "$383.89"}, {"screen_size": "13.3\"", "resolution": "1920 x 1080", "memory": "16 GB", "cpu": "4C / 8T @ 1.3 GHz (Core i7-1065G7)", "storage": "512 GB NVME SSD", "gpu": "NVIDIA GeForce GTX 1650", "name": "Razer Blade Stealth", "price": "$1780.09"}, {"screen_size": "15.6\"", "resolution": "1920 x 1080", "memory": "4 GB", "cpu": "2C / 4T @ 2.6 GHz (Ryzen 3 3200U)", "storage": "128 GB SSD", "gpu": "AMD Radeon Vega 3", "name": "Acer Aspire 5 Slim", "price": "$332.07"}, {"screen_size": "11.6\"", "resolution": "1366 x 768", "memory": "4 GB", "cpu": "2C / 2T @ 1.1 GHz (Celeron N4000)", "storage": "32 GB eMMC", "gpu": "Intel UHD Graphics 600", "name": "Samsung Chromebook 4", "price": "$244.39"}, {"screen_size": "15.6\"", "resolution": "1920 x 1080", "memory": "16 GB", "cpu": "6C / 12T @ 2.2 GHz (Core i7-8750H)", "storage": "512 GB NVME SSD", "gpu": "NVIDIA GeForce RTX 2070 Max-Q", "name": "Razer Blade 15", "price": "$2461.88"}, {"screen_size": "15.6\"", "resolution": "1920 x 1080", "memory": "8 GB", "cpu": "4C / 8T @ 2.1 GHz (Ryzen 5 3500U)", "storage": "256 GB NVME SSD", "gpu": "AMD Radeon Vega 8", "name": "Asus Vivobook", "price": "$565.29"}, {"screen_size": "13.3\"", "resolution": "3840 x 2160", "memory": "16 GB", "cpu": "4C / 8T @ 1.3 GHz (Core i7-1065G7)", "storage": "512 GB NVME SSD", "gpu": "NVIDIA GeForce GTX 1650", "name": "Razer Blade Stealth", "price": "$2175.89"}, {"screen_size": "14\"", "resolution": "1400 x 900", "memory": "12 GB", "cpu": "4C / 8T @ 2.1 GHz (Ryzen 5 3500U)", "storage": "256 GB NVME SSD", "gpu": "AMD Radeon Vega 8", "name": "Lenovo Flex", "price": "$627.30"}, {"screen_size": "17.3\"", "resolution": "1920 x 1080", "memory": "16 GB", "cpu": "6C / 12T @ 2.6 GHz (Core i7-9750H)", "storage": "512 GB NVME SSD", "gpu": "NVIDIA GeForce RTX 2080 Max-Q", "name": "Razer Blade Pro", "price": "$2359.30"}, {"screen_size": "16\"", "resolution": "3072 x 1920", "memory": "16 GB", "cpu": "8C / 16T @ 2.3 GHz (Core i9-9980H)", "storage": "1.024 TB Integrated PCIe", "gpu": "AMD Radeon Pro 5500M", "name": "Apple MacBook Pro with Touch Bar (Mid 2019)", "price": "$2757.92"}, {"screen_size": "15.6\"", "resolution": "1920 x 1080", "memory": "16 GB", "cpu": "6C / 12T @ 2.2 GHz (Core i7-8750H)", "storage": "256 GB NVME SSD", "gpu": "NVIDIA GeForce GTX 1060 6GB", "name": "Acer Predator Helios 300", "price": "$1048.39"}, {"screen_size": "15.6\"", "resolution": "1920 x 1080", "memory": "16 GB", "cpu": "6C / 12T @ 2.6 GHz (Core i7-9750H)", "storage": "512 GB NVME SSD", "gpu": "NVIDIA GeForce GTX 1660 Ti", "name": "MSI GF65 THIN", "price": "$1056.20"}, {"screen_size": "17.3\"", "resolution": "3840 x 2160", "memory": "32 GB", "cpu": "6C / 12T @ 2.6 GHz (Core i7-9750H)", "storage": "1 TB NVME SSD", "gpu": "NVIDIA GeForce RTX 2080", "name": "Acer Predator Triton 900", "price": null}, {"screen_size": "15.6\"", "resolution": "1920 x 1080", "memory": "8 GB", "cpu": "6C / 12T @ 2.6 GHz (Core i7-9750H)", "storage": "512 GB NVME SSD", "gpu": "NVIDIA GeForce GTX 1650", "name": "Asus TUF Gaming", "price": "$913.99"}, {"screen_size": "15.6\"", "resolution": "1920 x 1080", "memory": "16 GB", "cpu": "6C / 12T @ 2.6 GHz (Core i7-9750H)", "storage": "256 GB NVME SSD + 1 TB HDD", "gpu": "NVIDIA GeForce GTX 1650", "name": "Asus Vivobook", "price": "$1118.67"}, {"screen_size": "17.3\"", "resolution": "1920 x 1080", "memory": "16 GB", "cpu": "6C / 12T @ 2.6 GHz (Core i7-9750H)", "storage": "512 GB NVME SSD", "gpu": "NVIDIA GeForce RTX 2070 Max-Q", "name": "Razer Blade Pro", "price": "$3391.19"}, {"screen_size": "15.6\"", "resolution": "3840 x 2160", "memory": "16 GB", "cpu": "6C / 12T @ 2.6 GHz (Core i7-9750H)", "storage": "1 TB NVME SSD", "gpu": "NVIDIA GeForce GTX 1650", "name": "Dell XPS 15 7590", "price": "$1905.20"}, {"screen_size": "15.6\"", "resolution": "1920 x 1080", "memory": "16 GB", "cpu": "6C / 12T @ 2.6 GHz (Core i7-9750H)", "storage": "512 GB NVME SSD", "gpu": "NVIDIA GeForce GTX 1650", "name": "Acer Nitro 7", "price": "$1037.83"}, {"screen_size": "14\"", "resolution": "1920 x 1080", "memory": "8 GB", "cpu": "4C / 8T @ 2.1 GHz (Ryzen 5 3500U)", "storage": "256 GB NVME SSD", "gpu": "AMD Radeon Vega 8", "name": "Lenovo Flex", "price": "$531.80"}, {"screen_size": "14\"", "resolution": "1920 x 1080", "memory": "8 GB", "cpu": "4C / 8T @ 2.1 GHz (Ryzen 5 3500U)", "storage": "256 GB NVME SSD", "gpu": "AMD Radeon Vega 8", "name": "Lenovo ThinkPad E495", "price": "$598.89"}, {"screen_size": "14\"", "resolution": "3840 x 2160", "memory": "16 GB", "cpu": "6C / 12T @ 1.1 GHz (Core i7-10710U)", "storage": "1 TB NVME SSD", "gpu": "NVIDIA GeForce GTX 1650 Max-Q", "name": "MSI Prestige 14", "price": "$1316.80"}, {"screen_size": "14\"", "resolution": "1920 x 1080", "memory": "4 GB", "cpu": "2C / 2T @ 1.1 GHz (Celeron N4000)", "storage": "64 GB eMMC", "gpu": "Intel UHD Graphics 600", "name": "HP Stream", "price": "$263.44"}, {"screen_size": "15.6\"", "resolution": "1920 x 1080", "memory": "16 GB", "cpu": "6C / 12T @ 2.2 GHz (Core i7-8750H)", "storage": "512 GB NVME SSD + 2 TB HDD", "gpu": "NVIDIA GeForce RTX 2070", "name": "Gigabyte AORUS 15", "price": "$2167.40"}, {"screen_size": "13.3\"", "resolution": "2560 x 1600", "memory": "8 GB", "cpu": "2C / 4T @ 1.6 GHz (Core i5-8210Y)", "storage": "128 GB", "gpu": "Intel UHD Graphics 617", "name": "Apple MacBook Air (Mid 2019)", "price": "$1214.60"}, {"screen_size": "15.6\"", "resolution": "1920 x 1080", "memory": "8 GB", "cpu": "4C / 8T @ 1.6 GHz (Core i5-8265U)", "storage": "256 GB NVME SSD", "gpu": "Intel UHD Graphics 620", "name": "Acer Aspire 5 Slim", "price": "$511.68"}, {"screen_size": "15.6\"", "resolution": "1920 x 1080", "memory": "32 GB", "cpu": "6C / 12T @ 2.6 GHz (Core i7-9750H)", "storage": "512 GB NVME SSD", "gpu": "NVIDIA GeForce RTX 2070", "name": "HP Omen", "price": "$1629.19"}, {"screen_size": "13.3\"", "resolution": "2560 x 1600", "memory": "8 GB", "cpu": "4C / 8T @ 2.4 GHz (Core i5-8279U)", "storage": "512 GB Integrated PCIe", "gpu": "Intel Iris Plus 655", "name": "Apple MacBook Pro with Touch Bar (Mid 2019)", "price": "$1858.79"}, {"screen_size": "15.6\"", "resolution": "1920 x 1080", "memory": "16 GB", "cpu": "6C / 12T @ 2.6 GHz (Core i7-9750H)", "storage": "512 GB NVME SSD", "gpu": "NVIDIA GeForce RTX 2070 Max-Q", "name": "Razer Blade 15", "price": "$2692.99"}, {"screen_size": "15.6\"", "resolution": "3840 x 2160", "memory": "16 GB", "cpu": "6C / 12T @ 2.6 GHz (Core i7-9750H)", "storage": "512 GB NVME SSD", "gpu": "NVIDIA GeForce RTX 2070 Max-Q", "name": "Gigabyte Aero 15 OLED", "price": "$2559.01"}, {"screen_size": "17.3\"", "resolution": "1920 x 1080", "memory": "16 GB", "cpu": "6C / 12T @ 2.6 GHz (Core i7-9750H)", "storage": "512 GB NVME SSD", "gpu": "NVIDIA GeForce RTX 2060", "name": "Asus ROG Strix Hero III", "price": "$1756.79"}, {"screen_size": "15.6\"", "resolution": "1920 x 1080", "memory": "32 GB", "cpu": "6C / 12T @ 2.6 GHz (Core i7-9750H)", "storage": "1 TB NVME SSD", "gpu": "NVIDIA GeForce RTX 2080 Max-Q", "name": "MSI Stealth", "price": "$3496.30"}, {"screen_size": "15.6\"", "resolution": "1920 x 1080", "memory": "8 GB", "cpu": "6C / 12T @ 2.2 GHz (Core i7-8750H)", "storage": "512 GB NVME SSD", "gpu": "NVIDIA GeForce GTX 1070", "name": "Asus ROG Strix Scar II", "price": "$2066.90"}, {"screen_size": "15.6\"", "resolution": "1920 x 1080", "memory": "16 GB", "cpu": "6C / 12T @ 2.6 GHz (Core i7-9750H)", "storage": "1 TB NVME SSD", "gpu": "NVIDIA GeForce RTX 2060", "name": "Asus ROG Strix Scar III", "price": "$1790.49"}, {"screen_size": "15.6\"", "resolution": "1920 x 1080", "memory": "16 GB", "cpu": "6C / 12T @ 2.2 GHz (Core i7-8750H)", "storage": "512 GB NVME SSD", "gpu": "NVIDIA GeForce RTX 2070", "name": "Asus ROG Strix Scar II", "price": "$1756.19"}, {"screen_size": "14\"", "resolution": "1366 x 768", "memory": "4 GB", "cpu": "2C / 2T @ 1.1 GHz (Celeron N4000)", "storage": "64 GB eMMC", "gpu": "Intel UHD Graphics 600", "name": "HP Stream", "price": "$229.29"}, {"screen_size": "13\"", "resolution": "2880 x 1920", "memory": "16 GB", "cpu": "8C / 8T @ 3 GHz (SQ1)", "storage": "512 GB SSD", "gpu": "Qualcomm Adreno 685", "name": "Microsoft Surface Pro X", "price": "$1932.20"}, {"screen_size": "15.6\"", "resolution": "1920 x 1080", "memory": "8 GB", "cpu": "4C / 8T @ 2.1 GHz (Ryzen 5 3500U)", "storage": "128 GB SSD + 1 TB HDD", "gpu": "AMD Radeon Vega 8", "name": "Asus Vivobook", "price": "$538.58"}, {"screen_size": "11.6\"", "resolution": "1366 x 768", "memory": "4 GB", "cpu": "2C / 2T @ 1.1 GHz (Celeron N4000)", "storage": "16 GB eMMC", "gpu": "Intel UHD Graphics 600", "name": "HP Chromebook 11 G7 EE", "price": "$209.39"}, {"screen_size": "17.3\"", "resolution": "1920 x 1080", "memory": "16 GB", "cpu": "6C / 12T @ 2.6 GHz (Core i7-9750H)", "storage": "512 GB NVME SSD", "gpu": "NVIDIA GeForce GTX 1650", "name": "Asus ROG Strix G", "price": "$1150.70"}, {"screen_size": "15.6\"", "resolution": "1920 x 1080", "memory": "16 GB", "cpu": "6C / 12T @ 2.6 GHz (Core i7-9750H)", "storage": "512 GB NVME SSD", "gpu": "NVIDIA GeForce RTX 2070 Max-Q", "name": "Razer Blade 15", "price": "$2538.59"}, {"screen_size": "15.6\"", "resolution": "1920 x 1080", "memory": "8 GB", "cpu": "6C / 12T @ 2.6 GHz (Core i7-9750H)", "storage": "256 GB NVME SSD", "gpu": "NVIDIA GeForce GTX 1650", "name": "Acer Nitro 7", "price": "$861.90"}, {"screen_size": "15.6\"", "resolution": "1920 x 1080", "memory": "8 GB", "cpu": "4C / 8T @ 2.4 GHz (Core i5-9300H)", "storage": "512 GB NVME SSD", "gpu": "NVIDIA GeForce GTX 1050 Ti", "name": "MSI GF63 THIN", "price": "$841.50"}, {"screen_size": "15.6\"", "resolution": "1920 x 1080", "memory": "8 GB", "cpu": "4C / 8T @ 2.1 GHz (Ryzen 5 3500U)", "storage": "128 GB SSD + 1 TB HDD", "gpu": "AMD Radeon Vega 8", "name": "Asus Vivobook 15", "price": "$572.38"}, {"screen_size": "15.6\"", "resolution": "1920 x 1080", "memory": "8 GB", "cpu": "4C / 8T @ 2.1 GHz (Ryzen 5 3500U)", "storage": "256 GB SSD", "gpu": "AMD Radeon Vega 8", "name": "Acer Aspire 5 Slim", "price": "$519.29"}, {"screen_size": "11.6\"", "resolution": "1366 x 768", "memory": "4 GB", "cpu": "2C / 2T @ 1.1 GHz (Celeron N4000)", "storage": "64 GB eMMC", "gpu": "Intel UHD Graphics 600", "name": "Asus Vivobook", "price": "$258.86"}, {"screen_size": "15.6\"", "resolution": "1920 x 1080", "memory": "32 GB", "cpu": "6C / 12T @ 2.6 GHz (Core i7-9750H)", "storage": "1 TB NVME SSD", "gpu": "NVIDIA GeForce RTX 2080", "name": "Acer Predator Triton 500", "price": "$2937.79"}, {"screen_size": "17.3\"", "resolution": "1920 x 1080", "memory": "16 GB", "cpu": "6C / 12T @ 2.2 GHz (Core i7-8750H)", "storage": "512 GB NVME SSD + 1 TB HDD", "gpu": "NVIDIA GeForce RTX 2070", "name": "Asus ROG Strix Scar II", "price": "$2000.41"}, {"screen_size": "17.3\"", "resolution": "1920 x 1080", "memory": "16 GB", "cpu": "6C / 12T @ 2.2 GHz (Core i7-8750H)", "storage": "1 TB NVME SSD", "gpu": "NVIDIA GeForce RTX 2080 Max-Q", "name": "Asus ROG Zephyrus S GX701", "price": "$2647.10"}, {"screen_size": "17\"", "resolution": "1920 x 1080", "memory": "16 GB", "cpu": "6C / 12T @ 2.6 GHz (Core i7-9750H)", "storage": "512 GB NVME SSD", "gpu": "NVIDIA GeForce RTX 2060", "name": "HP Omen", "price": "$1309.80"}, {"screen_size": "15.6\"", "resolution": "1920 x 1080", "memory": "16 GB", "cpu": "6C / 12T @ 2.6 GHz (Core i7-9750H)", "storage": "512 GB NVME SSD", "gpu": "NVIDIA GeForce RTX 2060", "name": "Razer Blade 15", "price": "$1998.59"}, {"screen_size": "17.3\"", "resolution": "1920 x 1080", "memory": "16 GB", "cpu": "6C / 12T @ 2.6 GHz (Core i7-9750H)", "storage": "512 GB NVME SSD", "gpu": "NVIDIA GeForce GTX 1660 Ti", "name": "Acer Predator Helios 300", "price": "$1478.09"}, {"screen_size": "13.3\"", "resolution": "1920 x 1080", "memory": "16 GB", "cpu": "4C / 8T @ 1.3 GHz (Core i7-1065G7)", "storage": "256 GB NVME SSD", "gpu": "Intel Iris Plus Graphics", "name": "Razer Blade Stealth", "price": "$1633.49"}, {"screen_size": "15.6\"", "resolution": "1920 x 1080", "memory": "16 GB", "cpu": "6C / 12T @ 2.6 GHz (Core i7-9750H)", "storage": "512 GB NVME SSD", "gpu": "NVIDIA GeForce RTX 2060", "name": "HP Omen", "price": "$1402.09"}, {"screen_size": "13.3\"", "resolution": "3840 x 2160", "memory": "16 GB", "cpu": "4C / 8T @ 1.8 GHz (Core i7-8565U)", "storage": "256 GB NVME SSD", "gpu": "Intel UHD Graphics 620", "name": "Dell XPS 13", "price": "$1256.60"}, {"screen_size": "15\"", "resolution": "2496 x 1664", "memory": "16 GB", "cpu": "4C / 8T @ 2.3 GHz (Ryzen 7 3780U)", "storage": "512 GB SSD", "gpu": "AMD Radeon Vega 11", "name": "Microsoft Surface Laptop 3", "price": "$2249.40"}, {"screen_size": "14\"", "resolution": "1920 x 1080", "memory": "8 GB", "cpu": "4C / 8T @ 1.6 GHz (Core i5-8265U)", "storage": "128 GB NVME SSD", "gpu": "Intel UHD Graphics 620", "name": "Lenovo Flex 14", "price": "$594.44"}, {"screen_size": "12.3\"", "resolution": "2736 x 1824", "memory": "8 GB", "cpu": "4C / 8T @ 1.1 GHz (Core i5-1035G4)", "storage": "128 GB SSD", "gpu": "Intel Iris Plus Graphics", "name": "Microsoft Surface Pro 7", "price": "$1047.19"}, {"screen_size": "15.6\"", "resolution": "1920 x 1080", "memory": "16 GB", "cpu": "6C / 12T @ 2.6 GHz (Core i7-9750H)", "storage": "1 TB NVME SSD", "gpu": "NVIDIA GeForce RTX 2070", "name": "Asus ROG Strix Scar III", "price": "$2718.89"}, {"screen_size": "16\"", "resolution": "3072 x 1920", "memory": "16 GB", "cpu": "6C / 12T @ 2.6 GHz (Core i7-9750H)", "storage": "512 GB Integrated PCIe", "gpu": "AMD Radeon Pro 5300M", "name": "Apple MacBook Pro with Touch Bar (Mid 2019)", "price": "$2541.82"}, {"screen_size": "15.6\"", "resolution": "1920 x 1080", "memory": "8 GB", "cpu": "6C / 12T @ 2.6 GHz (Core i7-9750H)", "storage": "512 GB NVME SSD", "gpu": "NVIDIA GeForce RTX 2080", "name": "Gigabyte AERO 15 Classic", "price": null}, {"screen_size": "15.6\"", "resolution": "1920 x 1080", "memory": "16 GB", "cpu": "6C / 12T @ 2.6 GHz (Core i7-9750H)", "storage": "512 GB NVME SSD", "gpu": "NVIDIA GeForce GTX 1650 Max-Q", "name": "MSI GF63 Thin", "price": "$1192.40"}, {"screen_size": "15.6\"", "resolution": "1366 x 768", "memory": "8 GB", "cpu": "4C / 8T @ 2.1 GHz (Ryzen 5 3500U)", "storage": "1 TB HDD", "gpu": "AMD Radeon Vega 8", "name": "HP 5TW24UA#ABA", "price": "$734.68"}, {"screen_size": "13.3\"", "resolution": "2560 x 1600", "memory": "8 GB", "cpu": "2C / 4T @ 1.6 GHz (Core i5-8210Y)", "storage": "128 GB", "gpu": "Intel UHD Graphics 617", "name": "Apple MacBook Air (Mid 2019)", "price": "$1135.42"}, {"screen_size": "15.6\"", "resolution": "1920 x 1080", "memory": "16 GB", "cpu": "6C / 12T @ 2.6 GHz (Core i7-9750H)", "storage": "512 GB NVME SSD", "gpu": "NVIDIA GeForce GTX 1660 Ti", "name": "Acer Predator Helios 300", "price": "$1359.99"}, {"screen_size": "17.3\"", "resolution": "1920 x 1080", "memory": "16 GB", "cpu": "6C / 12T @ 2.2 GHz (Core i7-8750H)", "storage": "512 GB NVME SSD", "gpu": "NVIDIA GeForce GTX 1060 3GB", "name": "Asus TUF Gaming Flagship FX705GM", "price": "$1294.30"}, {"screen_size": "13.3\"", "resolution": "1920 x 1080", "memory": "8 GB", "cpu": "4C / 8T @ 1.8 GHz (Core i7-8565U)", "storage": "256 GB NVME SSD", "gpu": "Intel UHD Graphics 620", "name": "Dell XPS 13", "price": "$936.49"}, {"screen_size": "17.3\"", "resolution": "1920 x 1080", "memory": "32 GB", "cpu": "8C / 16T @ 2.3 GHz (Core i9-9880H)", "storage": "1 TB NVME SSD", "gpu": "NVIDIA GeForce RTX 2070", "name": "MSI GE75 Raider", "price": "$3022.79"}, {"screen_size": "15.6\"", "resolution": "1920 x 1080", "memory": "16 GB", "cpu": "6C / 12T @ 2.6 GHz (Core i7-9750H)", "storage": "128 GB SSD + 1 TB HDD", "gpu": "NVIDIA GeForce GTX 1660 Ti", "name": "Razer Blade 15", "price": "$1834.58"}, {"screen_size": "12.3\"", "resolution": "2736 x 1824", "memory": "16 GB", "cpu": "4C / 8T @ 1.3 GHz (Core i7-1065G7)", "storage": "1 TB SSD", "gpu": "Intel Iris Plus Graphics", "name": "Microsoft Surface Pro 7", "price": "$2601.20"}, {"screen_size": "15.6\"", "resolution": "1920 x 1080", "memory": "16 GB", "cpu": "6C / 12T @ 2.6 GHz (Core i7-9750H)", "storage": "512 GB NVME SSD", "gpu": "NVIDIA GeForce RTX 2060", "name": "Razer Blade 15", "price": "$2121.59"}, {"screen_size": "13.9\"", "resolution": "1920 x 1080", "memory": "16 GB", "cpu": "4C / 8T @ 1.8 GHz (Core i7-8565U)", "storage": "1 TB NVME SSD", "gpu": "NVIDIA GeForce MX150", "name": "Asus Zenbook S13", "price": "$1584.79"}, {"screen_size": "14\"", "resolution": "1920 x 1080", "memory": "8 GB", "cpu": "4C / 8T @ 1.6 GHz (Core i5-10210U)", "storage": "512 GB NVME SSD", "gpu": "NVIDIA GeForce MX250", "name": "MSI Modern 14", "price": "$872.40"}, {"screen_size": "14\"", "resolution": "1920 x 1080", "memory": "8 GB", "cpu": "4C / 8T @ 2.1 GHz (Ryzen 5 3500U)", "storage": "256 GB NVME SSD", "gpu": "AMD Radeon Vega 8", "name": "Lenovo ThinkPad T495", "price": "$896.04"}, {"screen_size": "15.6\"", "resolution": "1920 x 1080", "memory": "16 GB", "cpu": "6C / 12T @ 2.2 GHz (Core i7-8750H)", "storage": "256 GB NVME SSD + 1 TB HDD", "gpu": "NVIDIA GeForce GTX 1060 6GB", "name": "MSI GS63 Stealth", "price": "$1331.16"}, {"screen_size": "14\"", "resolution": "1920 x 1080", "memory": "4 GB", "cpu": "2C / 4T @ 2.6 GHz (Ryzen 3 3200U)", "storage": "128 GB SSD", "gpu": "AMD Radeon Vega 3", "name": "Dell Inspiron 14", "price": "$442.98"}, {"screen_size": "15.6\"", "resolution": "1920 x 1080", "memory": "8 GB", "cpu": "4C / 8T @ 2.4 GHz (Core i5-9300H)", "storage": "512 GB NVME SSD", "gpu": "NVIDIA GeForce GTX 1660 Ti", "name": "MSI GL65", "price": "$1156.00"}, {"screen_size": "15.6\"", "resolution": "1920 x 1080", "memory": "16 GB", "cpu": "4C / 8T @ 1.8 GHz (Core i7-8565U)", "storage": "512 GB NVME SSD", "gpu": "NVIDIA GeForce GTX 1050 Ti Max-Q", "name": "MSI PS63 Modern", "price": "$1037.50"}, {"screen_size": "15.6\"", "resolution": "1920 x 1080", "memory": "8 GB", "cpu": "4C / 8T @ 2.1 GHz (Ryzen 5 3500U)", "storage": "128 GB SSD + 1 TB HDD", "gpu": "AMD Radeon Vega 8", "name": "Asus Vivobook 15", "price": "$599.69"}, {"screen_size": "13.3\"", "resolution": "2560 x 1600", "memory": "8 GB", "cpu": "4C / 8T @ 1.4 GHz (Core i5-8257U)", "storage": "128 GB Integrated PCIe", "gpu": "Intel Iris Plus 645", "name": "Apple MacBook Pro with Touch Bar (Mid 2019)", "price": "$1385.59"}, {"screen_size": "15.6\"", "resolution": "1920 x 1080", "memory": "32 GB", "cpu": "8C / 16T @ 2.3 GHz (Core i9-9880H)", "storage": "1 TB NVME SSD", "gpu": "NVIDIA GeForce RTX 2070 Max-Q", "name": "MSI Stealth", "price": "$3238.89"}, {"screen_size": "13.3\"", "resolution": "2560 x 1600", "memory": "8 GB", "cpu": "2C / 4T @ 1.6 GHz (Core i5-8210Y)", "storage": "256 GB", "gpu": "Intel UHD Graphics 617", "name": "Apple MacBook Air (Mid 2019)", "price": "$1386.19"}, {"screen_size": "15.6\"", "resolution": "1920 x 1080", "memory": "16 GB", "cpu": "4C / 8T @ 2.1 GHz (Ryzen 5 3500U)", "storage": "256 GB NVME SSD", "gpu": "AMD Radeon Vega 8", "name": "HP ProBook 445R G6", "price": "$770.99"}, {"screen_size": "15.6\"", "resolution": "1920 x 1080", "memory": "8 GB", "cpu": "4C / 8T @ 2.4 GHz (Core i5-9300H)", "storage": "512 GB NVME SSD", "gpu": "NVIDIA GeForce GTX 1660 Ti", "name": "Acer Predator Helios 300", "price": "$1114.99"}, {"screen_size": "15.6\"", "resolution": "1920 x 1080", "memory": "8 GB", "cpu": "6C / 12T @ 2.2 GHz (Core i7-8750H)", "storage": "256 GB SSD", "gpu": "NVIDIA GeForce GTX 1050 Ti", "name": "Asus FX504 Thin & Light TUF Gaming", "price": "$836.19"}, {"screen_size": "15.6\"", "resolution": "1920 x 1080", "memory": "8 GB", "cpu": "6C / 12T @ 2.6 GHz (Core i7-9750H)", "storage": "256 GB NVME SSD", "gpu": "NVIDIA GeForce GTX 1050", "name": "Acer Nitro 7", "price": "$992.80"}, {"screen_size": "16\"", "resolution": "3072 x 1920", "memory": "16 GB", "cpu": "6C / 12T @ 2.6 GHz (Core i7-9750H)", "storage": "512 GB Integrated PCIe", "gpu": "AMD Radeon Pro 5300M", "name": "Apple MacBook Pro with Touch Bar (Mid 2019)", "price": "$2597.60"}, {"screen_size": "17.3\"", "resolution": "1920 x 1080", "memory": "16 GB", "cpu": "6C / 12T @ 2.6 GHz (Core i7-9750H)", "storage": "512 GB NVME SSD", "gpu": "NVIDIA GeForce RTX 2070 Max-Q", "name": "Razer Blade Pro", "price": "$3223.69"}, {"screen_size": "15.6\"", "resolution": "3840 x 2160", "memory": "16 GB", "cpu": "6C / 12T @ 2.6 GHz (Core i7-9750H)", "storage": "512 GB NVME SSD", "gpu": "NVIDIA GeForce GTX 1660 Ti", "name": "Gigabyte Aero 15 OLED", "price": "$2022.30"}, {"screen_size": "15.6\"", "resolution": "1920 x 1080", "memory": "16 GB", "cpu": "6C / 12T @ 2.6 GHz (Core i7-9750H)", "storage": "512 GB NVME SSD", "gpu": "NVIDIA GeForce RTX 2060", "name": "Acer Predator Helios 300", "price": "$1917.40"}, {"screen_size": "15\"", "resolution": "2496 x 1664", "memory": "16 GB", "cpu": "4C / 8T @ 2.3 GHz (Ryzen 7 3780U)", "storage": "512 GB SSD", "gpu": "AMD Radeon Vega 11", "name": "Microsoft Surface Laptop 3", "price": "$1988.79"}, {"screen_size": "15.6\"", "resolution": "1920 x 1080", "memory": "16 GB", "cpu": "6C / 12T @ 2.6 GHz (Core i7-9750H)", "storage": "512 GB NVME SSD", "gpu": "NVIDIA GeForce RTX 2060", "name": "MSI Stealth", "price": "$2231.90"}, {"screen_size": "14\"", "resolution": "2560 x 1440", "memory": "16 GB", "cpu": "4C / 8T @ 1.9 GHz (Core i7-8665U)", "storage": "512 GB NVME SSD", "gpu": "Intel UHD Graphics 620", "name": "Lenovo ThinkPad X1 Carbon (7th Gen)", "price": "$1912.24"}, {"screen_size": "15.6\"", "resolution": "1920 x 1080", "memory": "16 GB", "cpu": "6C / 12T @ 2.6 GHz (Core i7-9750H)", "storage": "512 GB NVME SSD", "gpu": "NVIDIA GeForce GTX 1660 Ti", "name": "Asus Zephyrus M Thin", "price": "$1574.99"}, {"screen_size": "15.6\"", "resolution": "1920 x 1080", "memory": "16 GB", "cpu": "6C / 12T @ 2.6 GHz (Core i7-9750H)", "storage": "512 GB NVME SSD", "gpu": "NVIDIA GeForce RTX 2070 Max-Q", "name": "HP Omen", "price": "$1618.10"}, {"screen_size": "14\"", "resolution": "1920 x 1080", "memory": "4 GB", "cpu": "2C / 2T @ 1.1 GHz (Celeron N4000)", "storage": "64 GB eMMC", "gpu": "Intel UHD Graphics 600", "name": "Acer Aspire 1", "price": "$261.99"}, {"screen_size": "15.6\"", "resolution": "1366 x 768", "memory": "4 GB", "cpu": "2C / 4T @ 2.6 GHz (Ryzen 3 3200U)", "storage": "1 TB HDD", "gpu": "AMD Radeon Vega 3", "name": "Lenovo Ideapad S340", "price": "$461.79"}, {"screen_size": "15.6\"", "resolution": "1920 x 1080", "memory": "16 GB", "cpu": "6C / 12T @ 2.6 GHz (Core i7-9750H)", "storage": "1 TB NVME SSD", "gpu": "NVIDIA GeForce GTX 1660 Ti", "name": "MSI GE65 Raider", "price": "$1540.80"}, {"screen_size": "17.3\"", "resolution": "1920 x 1080", "memory": "16 GB", "cpu": "6C / 12T @ 2.2 GHz (Core i7-8750H)", "storage": "512 GB NVME SSD", "gpu": "NVIDIA GeForce RTX 2080", "name": "MSI GS75 Stealth", "price": "$2505.90"}, {"screen_size": "17.3\"", "resolution": "1920 x 1080", "memory": "16 GB", "cpu": "6C / 12T @ 2.6 GHz (Core i7-9750H)", "storage": "1 TB NVME SSD", "gpu": "NVIDIA GeForce RTX 2070", "name": "Asus ROG Zephyrus S GX701", "price": "$2381.40"}, {"screen_size": "15.6\"", "resolution": "1920 x 1080", "memory": "8 GB", "cpu": "6C / 12T @ 2.6 GHz (Core i7-9750H)", "storage": "256 GB NVME SSD", "gpu": "NVIDIA GeForce GTX 1050 Ti", "name": "MSI GF63 Thin", "price": "$916.59"}, {"screen_size": "13.3\"", "resolution": "2560 x 1600", "memory": "8 GB", "cpu": "4C / 8T @ 1.4 GHz (Core i5-8257U)", "storage": "128 GB Integrated PCIe", "gpu": "Intel Iris Plus 645", "name": "Apple MacBook Pro with Touch Bar (Mid 2019)", "price": "$1214.19"}, {"screen_size": "13.3\"", "resolution": "3840 x 2160", "memory": "8 GB", "cpu": "4C / 8T @ 1.8 GHz (Core i7-8565U)", "storage": "512 GB NVME SSD", "gpu": "Intel UHD Graphics 620", "name": "Dell XPS 13", "price": "$1542.99"}, {"screen_size": "17.3\"", "resolution": "1920 x 1080", "memory": "16 GB", "cpu": "6C / 12T @ 2.6 GHz (Core i7-9750H)", "storage": "1 TB NVME SSD", "gpu": "NVIDIA GeForce RTX 2070", "name": "Asus ROG Strix Scar III", "price": "$2313.70"}, {"screen_size": "17.3\"", "resolution": "1920 x 1080", "memory": "16 GB", "cpu": "6C / 12T @ 2.6 GHz (Core i7-9750H)", "storage": "512 GB NVME SSD", "gpu": "NVIDIA GeForce GTX 1660 Ti", "name": "Gigabyte AERO 17", "price": "$1903.20"}, {"screen_size": "15.6\"", "resolution": "1920 x 1080", "memory": "8 GB", "cpu": "4C / 8T @ 1.8 GHz (Core i7-8565U)", "storage": "512 GB NVME SSD", "gpu": "NVIDIA GeForce GTX 1050 Ti Max-Q", "name": "MSI PS63 Modern", "price": "$974.50"}, {"screen_size": "17.3\"", "resolution": "1920 x 1080", "memory": "16 GB", "cpu": "6C / 12T @ 2.6 GHz (Core i7-9750H)", "storage": "1 TB NVME SSD", "gpu": "NVIDIA GeForce GTX 1660 Ti", "name": "MSI GS75 Stealth", "price": "$2040.69"}, {"screen_size": "14\"", "resolution": "1920 x 1080", "memory": "16 GB", "cpu": "4C / 8T @ 1.8 GHz (Core i7-10510U)", "storage": "512 GB NVME SSD", "gpu": "NVIDIA GeForce MX250", "name": "Asus Zenbook 14", "price": "$1429.89"}, {"screen_size": "15.6\"", "resolution": "1920 x 1080", "memory": "16 GB", "cpu": "6C / 12T @ 2.6 GHz (Core i7-9750H)", "storage": "512 GB NVME SSD", "gpu": "NVIDIA GeForce GTX 1660 Ti", "name": "MSI GE65 Raider", "price": "$1298.50"}, {"screen_size": "14\"", "resolution": "1920 x 1080", "memory": "8 GB", "cpu": "4C / 8T @ 2.1 GHz (Ryzen 5 3500U)", "storage": "256 GB", "gpu": "AMD Radeon Vega 8", "name": "Lenovo Ideapad S540", "price": "$741.59"}, {"screen_size": "15.6\"", "resolution": "1920 x 1080", "memory": "16 GB", "cpu": "6C / 12T @ 2.2 GHz (Core i7-8750H)", "storage": "512 GB NVME SSD", "gpu": "NVIDIA GeForce RTX 2060", "name": "MSI GS65 Stealth", "price": "$1671.77"}, {"screen_size": "17.3\"", "resolution": "1920 x 1080", "memory": "16 GB", "cpu": "6C / 12T @ 2.6 GHz (Core i7-9750H)", "storage": "512 GB NVME SSD", "gpu": "NVIDIA GeForce RTX 2070", "name": "Acer Predator Helios 300", "price": "$2135.94"}, {"screen_size": "11.6\"", "resolution": "1366 x 768", "memory": "4 GB", "cpu": "2C / 2T @ 1.1 GHz (Celeron N4000)", "storage": "32 GB eMMC", "gpu": "Intel UHD Graphics 600", "name": "Lenovo 100E", "price": "$216.15"}, {"screen_size": "15.6\"", "resolution": "1920 x 1080", "memory": "16 GB", "cpu": "6C / 12T @ 2.6 GHz (Core i7-9750H)", "storage": "512 GB NVME SSD", "gpu": "NVIDIA GeForce RTX 2060", "name": "Acer Predator Triton 500", "price": "$1850.88"}, {"screen_size": "15.6\"", "resolution": "1920 x 1080", "memory": "6 GB", "cpu": "2C / 2T @ 1.1 GHz (Celeron N4000)", "storage": "64 GB eMMC", "gpu": "Intel UHD Graphics 600", "name": "Samsung Chromebook 4+", "price": "$390.99"}, {"screen_size": "14\"", "resolution": "2560 x 1440", "memory": "16 GB", "cpu": "4C / 8T @ 1.9 GHz (Core i7-8650U)", "storage": "1 TB NVME SSD", "gpu": "Intel UHD Graphics 620", "name": "Lenovo ThinkPad X1 Yoga (3rd Gen)", "price": "$1630.89"}, {"screen_size": "17.3\"", "resolution": "1920 x 1080", "memory": "16 GB", "cpu": "6C / 12T @ 2.6 GHz (Core i7-9750H)", "storage": "512 GB NVME SSD", "gpu": "NVIDIA GeForce RTX 2060", "name": "Razer Blade Pro", "price": null}, {"screen_size": "15.6\"", "resolution": "1920 x 1080", "memory": "4 GB", "cpu": "2C / 4T @ 2.1 GHz (Core i3-8145U)", "storage": "128 GB SSD", "gpu": "Intel UHD Graphics 620", "name": "Asus Vivobook 15", "price": "$401.05"}, {"screen_size": "15.6\"", "resolution": "1920 x 1080", "memory": "8 GB", "cpu": "6C / 12T @ 2.2 GHz (Core i7-8750H)", "storage": "128 GB SSD + 1 TB HDD", "gpu": "NVIDIA GeForce GTX 1050 Ti", "name": "Acer Aspire 7", "price": "$890.10"}, {"screen_size": "15.6\"", "resolution": "1920 x 1080", "memory": "16 GB", "cpu": "6C / 12T @ 2.2 GHz (Core i7-8750H)", "storage": "256 GB NVME SSD + 2 TB HDD", "gpu": "NVIDIA GeForce GTX 1060 Max-Q", "name": "Razer Blade 15", "price": "$1838.99"}, {"screen_size": "15.6\"", "resolution": "1920 x 1080", "memory": "8 GB", "cpu": "6C / 12T @ 2.6 GHz (Core i7-9750H)", "storage": "512 GB NVME SSD", "gpu": "NVIDIA GeForce GTX 1650", "name": "Dell XPS 15 7590", "price": "$1628.99"}, {"screen_size": "15.6\"", "resolution": "3840 x 2160", "memory": "16 GB", "cpu": "6C / 12T @ 2.6 GHz (Core i7-9750H)", "storage": "256 GB NVME SSD", "gpu": "NVIDIA GeForce GTX 1650", "name": "Dell XPS 15 7590", "price": "$1983.99"}, {"screen_size": "15.6\"", "resolution": "1920 x 1080", "memory": "16 GB", "cpu": "6C / 12T @ 2.6 GHz (Core i7-9750H)", "storage": "512 GB NVME SSD", "gpu": "NVIDIA GeForce GTX 1660 Ti", "name": "Asus Zephyrus M Thin", "price": "$1711.39"}, {"screen_size": "17.3\"", "resolution": "1920 x 1080", "memory": "32 GB", "cpu": "6C / 12T @ 2.6 GHz (Core i7-9750H)", "storage": "512 GB NVME SSD", "gpu": "NVIDIA GeForce RTX 2080", "name": "MSI GE75 Raider", "price": "$2726.48"}, {"screen_size": "15.4\"", "resolution": "2880 x 1800", "memory": "16 GB", "cpu": "6C / 12T @ 2.6 GHz (Core i7-9750H)", "storage": "256 GB Integrated PCIe", "gpu": "AMD Radeon Pro 555 X", "name": "Apple MacBook Pro with Touch Bar (Mid 2019)", "price": "$2122.00"}, {"screen_size": "15.6\"", "resolution": "1920 x 1080", "memory": "32 GB", "cpu": "6C / 12T @ 2.6 GHz (Core i7-9750H)", "storage": "512 GB NVME SSD", "gpu": "NVIDIA Quadro RTX 3000", "name": "MSI WS65", "price": "$3034.20"}, {"screen_size": "14\"", "resolution": "1920 x 1080", "memory": "16 GB", "cpu": "4C / 8T @ 1.9 GHz (Core i7-8665U)", "storage": "512 GB NVME SSD", "gpu": "Intel UHD Graphics 620", "name": "Lenovo ThinkPad X1 Carbon (7th Gen)", "price": "$2013.09"}, {"screen_size": "13.3\"", "resolution": "2560 x 1600", "memory": "8 GB", "cpu": "4C / 8T @ 1.4 GHz (Core i5-8257U)", "storage": "256 GB Integrated PCIe", "gpu": "Intel Iris Plus 645", "name": "Apple MacBook Pro with Touch Bar (Mid 2019)", "price": "$1590.89"}, {"screen_size": "15.6\"", "resolution": "1920 x 1080", "memory": "32 GB", "cpu": "6C / 12T @ 2.6 GHz (Core i7-9750H)", "storage": "512 GB NVME SSD", "gpu": "NVIDIA GeForce RTX 2070 Max-Q", "name": "MSI Stealth", "price": "$2670.30"}, {"screen_size": "17\"", "resolution": "1920 x 1080", "memory": "16 GB", "cpu": "6C / 12T @ 2.6 GHz (Core i7-9750H)", "storage": "256 GB NVME SSD + 1 TB HDD", "gpu": "NVIDIA GeForce RTX 2080", "name": "HP Omen", "price": "$2202.99"}, {"screen_size": "17.3\"", "resolution": "1920 x 1080", "memory": "16 GB", "cpu": "6C / 12T @ 2.6 GHz (Core i7-9750H)", "storage": "1 TB NVME SSD", "gpu": "NVIDIA GeForce GTX 1660 Ti", "name": "MSI Creator 17M", "price": "$1494.40"}, {"screen_size": "17.3\"", "resolution": "1920 x 1080", "memory": "16 GB", "cpu": "6C / 12T @ 2.6 GHz (Core i7-9750H)", "storage": "512 GB NVME SSD", "gpu": "NVIDIA GeForce RTX 2060", "name": "MSI MSI GL75 9SEK-056", "price": "$1766.09"}, {"screen_size": "12.3\"", "resolution": "2736 x 1824", "memory": "8 GB", "cpu": "4C / 8T @ 1.1 GHz (Core i5-1035G4)", "storage": "128 GB", "gpu": "Intel Iris Plus Graphics", "name": "Microsoft Surface Pro 7", "price": "$799.20"}, {"screen_size": "13\"", "resolution": "2880 x 1920", "memory": "8 GB", "cpu": "8C / 8T @ 3 GHz (SQ1)", "storage": "128 GB SSD", "gpu": "Qualcomm Adreno 685", "name": "Microsoft Surface Pro X", "price": "$1094.59"}, {"screen_size": "14\"", "resolution": "1920 x 1080", "memory": "16 GB", "cpu": "4C / 8T @ 1.8 GHz (Core i7-8565U)", "storage": "512 GB NVME SSD", "gpu": "Intel UHD Graphics 620", "name": "Asus Zenbook 14", "price": "$1122.20"}, {"screen_size": "17.3\"", "resolution": "1920 x 1080", "memory": "16 GB", "cpu": "6C / 12T @ 2.6 GHz (Core i7-9750H)", "storage": "512 GB NVME SSD", "gpu": "NVIDIA GeForce RTX 2070", "name": "Acer Predator Helios 700", "price": "$2177.00"}, {"screen_size": "15\"", "resolution": "2496 x 1664", "memory": "16 GB", "cpu": "4C / 8T @ 2.1 GHz (Ryzen 5 3580U)", "storage": "256 GB SSD", "gpu": "AMD Radeon Vega 9", "name": "Microsoft Surface Laptop 3", "price": "$1523.60"}, {"screen_size": "11.6\"", "resolution": "1366 x 768", "memory": "4 GB", "cpu": "2C / 2T @ 1.6 GHz (Celeron N3060)", "storage": "32 GB eMMC", "gpu": "Intel HD Graphics 400", "name": "Asus Chromebook C202SA", "price": "$207.47"}, {"screen_size": "15.6\"", "resolution": "1920 x 1080", "memory": "8 GB", "cpu": "4C / 8T @ 2.1 GHz (Ryzen 5 3500U)", "storage": "256 GB NVME SSD", "gpu": "AMD Radeon Vega 8", "name": "HP ProBook 455R G6", "price": "$654.79"}, {"screen_size": "17.3\"", "resolution": "1920 x 1080", "memory": "16 GB", "cpu": "6C / 12T @ 2.6 GHz (Core i7-9750H)", "storage": "512 GB NVME SSD", "gpu": "NVIDIA GeForce GTX 1660 Ti", "name": "MSI MSI GL75 9SDK-057", "price": "$1359.69"}, {"screen_size": "15.6\"", "resolution": "1920 x 1080", "memory": "8 GB", "cpu": "6C / 12T @ 2.6 GHz (Core i7-9750H)", "storage": "512 GB NVME SSD", "gpu": "NVIDIA GeForce GTX 1650 Max-Q", "name": "MSI GF63 Thin", "price": "$1075.80"}, {"screen_size": "15.6\"", "resolution": "1366 x 768", "memory": "8 GB", "cpu": "2C / 4T @ 2.6 GHz (Ryzen 3 3200U)", "storage": "128 GB SSD", "gpu": "AMD Radeon Vega 3", "name": "HP 5TW23UA#ABA", "price": null}, {"screen_size": "17\"", "resolution": "1920 x 1080", "memory": "16 GB", "cpu": "6C / 12T @ 2.6 GHz (Core i7-9750H)", "storage": "512 GB NVME SSD", "gpu": "NVIDIA GeForce RTX 2080", "name": "HP Omen", "price": "$2249.39"}, {"screen_size": "17\"", "resolution": "1920 x 1080", "memory": "8 GB", "cpu": "6C / 12T @ 2.6 GHz (Core i7-9750H)", "storage": "128 GB NVME SSD + 1 TB HDD", "gpu": "NVIDIA GeForce GTX 1660 Ti", "name": "HP Omen", "price": "$1367.29"}, {"screen_size": "13.3\"", "resolution": "2560 x 1600", "memory": "8 GB", "cpu": "4C / 8T @ 2.4 GHz (Core i5-8279U)", "storage": "512 GB Integrated PCIe", "gpu": "Intel Iris Plus 655", "name": "Apple MacBook Pro with Touch Bar (Mid 2019)", "price": "$1813.49"}, {"screen_size": "13.5\"", "resolution": "2256 x 1504", "memory": "8 GB", "cpu": "4C / 8T @ 1.2 GHz (Core i5-1035G7)", "storage": "256 GB SSD", "gpu": "Intel Iris Plus Graphics", "name": "Microsoft Surface Laptop 3", "price": "$1206.80"}, {"screen_size": "15.4\"", "resolution": "2880 x 1800", "memory": "16 GB", "cpu": "8C / 16T @ 2.3 GHz (Core i9-9980H)", "storage": "512 GB Integrated PCIe", "gpu": "AMD Radeon Pro 560 X", "name": "Apple MacBook Pro with Touch Bar (Mid 2019)", "price": "$2267.10"}, {"screen_size": "17.3\"", "resolution": "1920 x 1080", "memory": "16 GB", "cpu": "6C / 12T @ 2.2 GHz (Core i7-8750H)", "storage": "512 GB NVME SSD", "gpu": "NVIDIA GeForce RTX 2060", "name": "MSI GS75 Stealth", "price": null}, {"screen_size": "15.6\"", "resolution": "1920 x 1080", "memory": "16 GB", "cpu": "6C / 12T @ 2.2 GHz (Core i7-8750H)", "storage": "512 GB NVME SSD", "gpu": "NVIDIA GeForce GTX 1070 Max-Q", "name": "Razer Blade 15", "price": "$3066.08"}, {"screen_size": "14\"", "resolution": "1920 x 1080", "memory": "16 GB", "cpu": "4C / 8T @ 1.8 GHz (Core i7-8565U)", "storage": "512 GB NVME SSD", "gpu": "NVIDIA GeForce MX150", "name": "Asus Zenbook 14", "price": "$1002.99"}, {"screen_size": "15.6\"", "resolution": "1920 x 1080", "memory": "16 GB", "cpu": "6C / 12T @ 2.6 GHz (Core i7-9750H)", "storage": "1 TB NVME SSD", "gpu": "NVIDIA GeForce RTX 2060", "name": "MSI Creator 15M", "price": "$1731.80"}, {"screen_size": "15.6\"", "resolution": "1920 x 1080", "memory": "8 GB", "cpu": "4C / 8T @ 1.6 GHz (Core i5-10210U)", "storage": "256 GB NVME SSD", "gpu": "Intel UHD Graphics", "name": "Acer Aspire 5 Slim", "price": "$627.69"}, {"screen_size": "17.3\"", "resolution": "1920 x 1080", "memory": "16 GB", "cpu": "6C / 12T @ 2.2 GHz (Core i7-8750H)", "storage": "512 GB NVME SSD", "gpu": "NVIDIA GeForce RTX 2070 Max-Q", "name": "MSI GS75 Stealth", "price": "$1882.00"}, {"screen_size": "13.5\"", "resolution": "2256 x 1504", "memory": "8 GB", "cpu": "4C / 8T @ 1.2 GHz (Core i5-1035G7)", "storage": "128 GB SSD", "gpu": "Intel Iris Plus Graphics", "name": "Microsoft Surface Laptop 3", "price": "$876.69"}, {"screen_size": "15.6\"", "resolution": "1366 x 768", "memory": "8 GB", "cpu": "2C / 4T @ 2.6 GHz (Ryzen 3 3200U)", "storage": "256 GB SSD", "gpu": "AMD Radeon Vega 3", "name": "HP 7FU97UA#ABA", "price": "$582.99"}, {"screen_size": "13.3\"", "resolution": "2560 x 1600", "memory": "8 GB", "cpu": "2C / 4T @ 1.6 GHz (Core i5-8210Y)", "storage": "128 GB", "gpu": "Intel UHD Graphics 617", "name": "Apple MacBook Air (Mid 2019)", "price": "$1064.71"}, {"screen_size": "17.3\"", "resolution": "1920 x 1080", "memory": "16 GB", "cpu": "6C / 12T @ 2.6 GHz (Core i7-9750H)", "storage": "512 GB NVME SSD", "gpu": "NVIDIA GeForce RTX 2070", "name": "MSI GE75 Raider", "price": "$1875.57"}, {"screen_size": "17.3\"", "resolution": "1920 x 1080", "memory": "16 GB", "cpu": "6C / 12T @ 2.6 GHz (Core i7-9750H)", "storage": "512 GB NVME SSD", "gpu": "NVIDIA GeForce RTX 2060", "name": "Gigabyte AERO 17", "price": "$2318.10"}, {"screen_size": "15.6\"", "resolution": "3840 x 2160", "memory": "16 GB", "cpu": "6C / 12T @ 2.6 GHz (Core i7-9750H)", "storage": "1 TB NVME SSD", "gpu": "NVIDIA GeForce RTX 2060", "name": "Acer ConceptD 7", "price": "$2408.00"}, {"screen_size": "13.5\"", "resolution": "2256 x 1504", "memory": "16 GB", "cpu": "4C / 8T @ 1.3 GHz (Core i7-1065G7)", "storage": "1 TB SSD", "gpu": "Intel Iris Plus Graphics", "name": "Microsoft Surface Laptop 3", "price": "$2252.28"}, {"screen_size": "15\"", "resolution": "2496 x 1664", "memory": "16 GB", "cpu": "4C / 8T @ 2.1 GHz (Ryzen 5 3580U)", "storage": "256 GB SSD", "gpu": "AMD Radeon Vega 9", "name": "Microsoft Surface Laptop 3", "price": "$1551.00"}, {"screen_size": "13.3\"", "resolution": "1920 x 1080", "memory": "8 GB", "cpu": "4C / 8T @ 1.8 GHz (Core i7-8565U)", "storage": "128 GB NVME SSD", "gpu": "Intel UHD Graphics 620", "name": "Dell XPS 13", "price": null}, {"screen_size": "13.5\"", "resolution": "2256 x 1504", "memory": "16 GB", "cpu": "4C / 8T @ 1.3 GHz (Core i7-1065G7)", "storage": "256 GB SSD", "gpu": "Intel Iris Plus Graphics", "name": "Microsoft Surface Laptop 3", "price": "$1468.30"}, {"screen_size": "13.3\"", "resolution": "2560 x 1600", "memory": "8 GB", "cpu": "4C / 8T @ 2.4 GHz (Core i5-8279U)", "storage": "256 GB Integrated PCIe", "gpu": "Intel Iris Plus 655", "name": "Apple MacBook Pro with Touch Bar (Mid 2019)", "price": "$1713.79"}, {"screen_size": "15.6\"", "resolution": "1920 x 1080", "memory": "8 GB", "cpu": "6C / 12T @ 2.6 GHz (Core i7-9750H)", "storage": "512 GB NVME SSD", "gpu": "NVIDIA GeForce RTX 2080", "name": "Gigabyte AERO 15 Classic", "price": null}, {"screen_size": "15.6\"", "resolution": "1920 x 1080", "memory": "8 GB", "cpu": "4C / 8T @ 1.6 GHz (Core i5-10210U)", "storage": "512 GB NVME SSD", "gpu": "Intel UHD Graphics", "name": "Acer Aspire 5 Slim", "price": "$744.99"}, {"screen_size": "15.6\"", "resolution": "1366 x 768", "memory": "4 GB", "cpu": "2C / 2T @ 1.1 GHz (Celeron N4000)", "storage": "1 TB HDD", "gpu": "Intel UHD Graphics 600", "name": "Asus R543", "price": "$356.37"}, {"screen_size": "14\"", "resolution": "1920 x 1080", "memory": "16 GB", "cpu": "4C / 8T @ 1.8 GHz (Core i7-8565U)", "storage": "512 GB NVME SSD", "gpu": "NVIDIA GeForce MX250", "name": "Asus Zenbook 14", "price": "$1632.54"}, {"screen_size": "17.3\"", "resolution": "1920 x 1080", "memory": "16 GB", "cpu": "6C / 12T @ 2.6 GHz (Core i7-9750H)", "storage": "512 GB NVME SSD", "gpu": "NVIDIA GeForce GTX 1660 Ti", "name": "Acer Predator Helios 300", "price": "$2134.19"}, {"screen_size": "15.4\"", "resolution": "2880 x 1800", "memory": "16 GB", "cpu": "8C / 16T @ 2.3 GHz (Core i9-9980H)", "storage": "512 GB Integrated PCIe", "gpu": "AMD Radeon Pro 560 X", "name": "Apple MacBook Pro with Touch Bar (Mid 2019)", "price": "$2252.20"}, {"screen_size": "15.6\"", "resolution": "1920 x 1080", "memory": "8 GB", "cpu": "4C / 8T @ 2.1 GHz (Ryzen 5 3500U)", "storage": "128 GB SSD + 1 TB HDD", "gpu": "AMD Radeon Vega 8", "name": "Asus Vivobook 15", "price": null}, {"screen_size": "13\"", "resolution": "2880 x 1920", "memory": "8 GB", "cpu": "8C / 8T @ 3 GHz (SQ1)", "storage": "256 GB SSD", "gpu": "Qualcomm Adreno 685", "name": "Microsoft Surface Pro X", "price": "$1357.59"}, {"screen_size": "15.4\"", "resolution": "2880 x 1800", "memory": "16 GB", "cpu": "6C / 12T @ 2.6 GHz (Core i7-9750H)", "storage": "256 GB Integrated PCIe", "gpu": "AMD Radeon Pro 555 X", "name": "Apple MacBook Pro with Touch Bar (Mid 2019)", "price": "$2188.00"}, {"screen_size": "15.6\"", "resolution": "1920 x 1080", "memory": "16 GB", "cpu": "6C / 12T @ 2.2 GHz (Core i7-8750H)", "storage": "256 GB NVME SSD", "gpu": "NVIDIA GeForce GTX 1060 6GB", "name": "Acer Predator Helios 300", "price": "$1202.40"}, {"screen_size": "11.6\"", "resolution": "1366 x 768", "memory": "4 GB", "cpu": "2C / 2T @ 1.1 GHz (Celeron N4000)", "storage": "32 GB eMMC", "gpu": "Intel UHD Graphics 600", "name": "Asus Chromebook Flip C214", "price": "$348.33"}, {"screen_size": "11.6\"", "resolution": "1366 x 768", "memory": "4 GB", "cpu": "2C / 2T @ 1.1 GHz (Celeron N4000)", "storage": "32 GB eMMC", "gpu": "Intel UHD Graphics 600", "name": "HP Chromebook X360", "price": "$349.40"}, {"screen_size": "14\"", "resolution": "3840 x 2160", "memory": "16 GB", "cpu": "6C / 12T @ 1.1 GHz (Core i7-10710U)", "storage": "512 GB NVME SSD", "gpu": "NVIDIA GeForce GTX 1650 Max-Q", "name": "MSI Prestige 14", "price": "$1426.90"}, {"screen_size": "14\"", "resolution": "1920 x 1080", "memory": "8 GB", "cpu": "2C / 4T @ 2.6 GHz (Ryzen 3 3200U)", "storage": "128 GB SSD", "gpu": "AMD Radeon Vega 3", "name": "Lenovo Flex 14", "price": "$537.78"}, {"screen_size": "11.6\"", "resolution": "1366 x 768", "memory": "6 GB", "cpu": "2C / 2T @ 1.1 GHz (Celeron N4000)", "storage": "64 GB eMMC", "gpu": "Intel UHD Graphics 600", "name": "Samsung Chromebook 4", "price": "$296.79"}, {"screen_size": "15.6\"", "resolution": "1920 x 1080", "memory": "16 GB", "cpu": "6C / 12T @ 2.6 GHz (Core i7-9750H)", "storage": "512 GB NVME SSD", "gpu": "NVIDIA GeForce RTX 2070", "name": "Acer Predator Triton 500", "price": "$1998.68"}, {"screen_size": "14\"", "resolution": "1920 x 1080", "memory": "8 GB", "cpu": "4C / 8T @ 1.6 GHz (Core i5-8265U)", "storage": "256 GB NVME SSD", "gpu": "Intel UHD Graphics 620", "name": "Lenovo ThinkPad X1 Carbon (7th Gen)", "price": "$1132.39"}, {"screen_size": "15.6\"", "resolution": "1920 x 1080", "memory": "16 GB", "cpu": "6C / 12T @ 2.6 GHz (Core i7-9750H)", "storage": "256 GB NVME SSD + 1 TB HDD", "gpu": "NVIDIA GeForce RTX 2070", "name": "MSI GE63 Raider RGB", "price": "$2206.80"}, {"screen_size": "15.6\"", "resolution": "1920 x 1080", "memory": "8 GB", "cpu": "6C / 12T @ 2.6 GHz (Core i7-9750H)", "storage": "512 GB NVME SSD + 1 TB HDD", "gpu": "NVIDIA GeForce GTX 1650", "name": "Aorus AORUS 5", "price": "$1334.00"}, {"screen_size": "15.6\"", "resolution": "1920 x 1080", "memory": "32 GB", "cpu": "6C / 12T @ 2.6 GHz (Core i7-9750H)", "storage": "512 GB NVME SSD", "gpu": "NVIDIA GeForce RTX 2080", "name": "MSI Stealth", "price": "$2821.20"}, {"screen_size": "11.6\"", "resolution": "1366 x 768", "memory": "4 GB", "cpu": "2C / 2T @ 1.1 GHz (Celeron N4000)", "storage": "64 GB eMMC", "gpu": "Intel UHD Graphics 600", "name": "HP Probook X360 11 G3 EE", "price": "$318.09"}, {"screen_size": "17.3\"", "resolution": "1920 x 1080", "memory": "8 GB", "cpu": "6C / 12T @ 2.6 GHz (Core i7-9750H)", "storage": "512 GB NVME SSD", "gpu": "NVIDIA GeForce GTX 1660 Ti", "name": "Acer Predator Helios 300", "price": "$1562.80"}, {"screen_size": "15.6\"", "resolution": "1920 x 1080", "memory": "8 GB", "cpu": "4C / 8T @ 2.4 GHz (Core i5-9300H)", "storage": "256 GB NVME SSD", "gpu": "NVIDIA GeForce GTX 1650 Max-Q", "name": "MSI GF63 THIN", "price": "$941.11"}, {"screen_size": "15.6\"", "resolution": "1920 x 1080", "memory": "16 GB", "cpu": "6C / 12T @ 2.6 GHz (Core i7-9750H)", "storage": "512 GB NVME SSD", "gpu": "NVIDIA GeForce RTX 2060", "name": "MSI GL65", "price": "$1464.50"}, {"screen_size": "15.6\"", "resolution": "1920 x 1080", "memory": "16 GB", "cpu": "6C / 12T @ 2.6 GHz (Core i7-9750H)", "storage": "512 GB NVME SSD", "gpu": "NVIDIA Quadro T1000", "name": "Lenovo ThinkPad P53", "price": "$1761.47"}, {"screen_size": "15.6\"", "resolution": "1920 x 1080", "memory": "16 GB", "cpu": "6C / 12T @ 2.2 GHz (Core i7-8750H)", "storage": "128 GB SSD + 1 TB HDD", "gpu": "NVIDIA GeForce GTX 1060 6GB", "name": "Razer Blade 15", "price": "$1508.90"}, {"screen_size": "13.3\"", "resolution": "1920 x 1080", "memory": "8 GB", "cpu": "4C / 8T @ 1.8 GHz (Core i7-8565U)", "storage": "256 GB NVME SSD", "gpu": "Intel UHD Graphics 620", "name": "Dell XPS 13", "price": "$1100.29"}, {"screen_size": "14\"", "resolution": "1366 x 768", "memory": "4 GB", "cpu": "2C / 2T @ 1.1 GHz (Celeron N4000)", "storage": "64 GB eMMC", "gpu": "Intel UHD Graphics 600", "name": "Asus L406 Thin and Light", "price": null}, {"screen_size": "14\"", "resolution": "1366 x 768", "memory": "4 GB", "cpu": "2C / 2T @ 1.1 GHz (Celeron N4000)", "storage": "32 GB eMMC", "gpu": "Intel UHD Graphics 600", "name": "HP Chromebook X360", "price": "$311.88"}, {"screen_size": "15.6\"", "resolution": "1920 x 1080", "memory": "4 GB", "cpu": "2C / 2T @ 1.1 GHz (Celeron N4000)", "storage": "32 GB eMMC", "gpu": "Intel UHD Graphics 600", "name": "Samsung Chromebook 4+", "price": "$306.00"}, {"screen_size": "12.3\"", "resolution": "2736 x 1824", "memory": "16 GB", "cpu": "4C / 8T @ 1.3 GHz (Core i7-1065G7)", "storage": "256 GB SSD", "gpu": "Intel Iris Plus Graphics", "name": "Microsoft Surface Pro 7", "price": "$1543.50"}, {"screen_size": "15.6\"", "resolution": "1920 x 1080", "memory": "16 GB", "cpu": "6C / 12T @ 2.6 GHz (Core i7-9750H)", "storage": "512 GB", "gpu": "NVIDIA GeForce RTX 2060", "name": "Acer Predator Triton 500", "price": "$1884.39"}, {"screen_size": "13.3\"", "resolution": "2560 x 1600", "memory": "8 GB", "cpu": "4C / 8T @ 1.4 GHz (Core i5-8257U)", "storage": "256 GB Integrated PCIe", "gpu": "Intel Iris Plus 645", "name": "Apple MacBook Pro with Touch Bar (Mid 2019)", "price": "$1507.09"}, {"screen_size": "13.3\"", "resolution": "2560 x 1600", "memory": "8 GB", "cpu": "4C / 8T @ 2.4 GHz (Core i5-8279U)", "storage": "256 GB Integrated PCIe", "gpu": "Intel Iris Plus 655", "name": "Apple MacBook Pro with Touch Bar (Mid 2019)", "price": "$1724.69"}, {"screen_size": "15.6\"", "resolution": "1920 x 1080", "memory": "4 GB", "cpu": "2C / 2T @ 1.1 GHz (Celeron N4000)", "storage": "64 GB eMMC", "gpu": "Intel UHD Graphics 600", "name": "Samsung Chromebook 4+", "price": "$337.19"}, {"screen_size": "14\"", "resolution": "1920 x 1080", "memory": "8 GB", "cpu": "4C / 8T @ 2.1 GHz (Ryzen 5 3500U)", "storage": "256 GB NVME SSD", "gpu": "AMD Radeon Vega 8", "name": "Lenovo T495s", "price": "$935.19"}, {"screen_size": "15.6\"", "resolution": "3840 x 2160", "memory": "16 GB", "cpu": "6C / 12T @ 2.6 GHz (Core i7-9750H)", "storage": "512 GB NVME SSD", "gpu": "NVIDIA GeForce GTX 1660 Super", "name": "Gigabyte Aero 15 OLED", "price": "$2251.10"}, {"screen_size": "15.6\"", "resolution": "1920 x 1080", "memory": "16 GB", "cpu": "6C / 12T @ 2.6 GHz (Core i7-9750H)", "storage": "512 GB NVME SSD", "gpu": "NVIDIA GeForce RTX 2070", "name": "MSI GE65 Raider", "price": "$1890.03"}, {"screen_size": "15.6\"", "resolution": "1366 x 768", "memory": "8 GB", "cpu": "4C / 8T @ 2.1 GHz (Ryzen 5 3500U)", "storage": "128 GB SSD + 1 TB HDD", "gpu": "AMD Radeon Vega 8", "name": "HP 194441638097", "price": "$917.00"}, {"screen_size": "17\"", "resolution": "1920 x 1080", "memory": "16 GB", "cpu": "6C / 12T @ 2.6 GHz (Core i7-9750H)", "storage": "512 GB NVME SSD", "gpu": "NVIDIA GeForce RTX 2070", "name": "HP Omen", "price": "$1673.59"}, {"screen_size": "13.5\"", "resolution": "2256 x 1504", "memory": "8 GB", "cpu": "4C / 8T @ 2.1 GHz (Ryzen 5 3580U)", "storage": "256 GB SSD", "gpu": "AMD Radeon Vega 9", "name": "Microsoft Surface Laptop 3", "price": "$1239.70"}, {"screen_size": "13.5\"", "resolution": "2256 x 1504", "memory": "16 GB", "cpu": "4C / 8T @ 1.3 GHz (Core i7-1065G7)", "storage": "512 GB SSD", "gpu": "Intel Iris Plus Graphics", "name": "Microsoft Surface Laptop 3", "price": "$1911.90"}, {"screen_size": "13.9\"", "resolution": "1920 x 1080", "memory": "8 GB", "cpu": "4C / 8T @ 1.8 GHz (Core i7-8565U)", "storage": "512 GB NVME SSD", "gpu": "NVIDIA GeForce MX150", "name": "Asus Zenbook S13", "price": "$1167.09"}, {"screen_size": "15.6\"", "resolution": "3840 x 2160", "memory": "16 GB", "cpu": "6C / 12T @ 2.6 GHz (Core i7-9750H)", "storage": "512 GB NVME SSD", "gpu": "NVIDIA GeForce GTX 1660 Ti", "name": "Gigabyte AERO 15 Classic", "price": "$2700.80"}, {"screen_size": "15.6\"", "resolution": "1920 x 1080", "memory": "16 GB", "cpu": "6C / 12T @ 2.6 GHz (Core i7-9750H)", "storage": "512 GB NVME SSD", "gpu": "NVIDIA GeForce RTX 2060", "name": "Acer Predator Helios 300", "price": null}, {"screen_size": "15.6\"", "resolution": "1920 x 1080", "memory": "16 GB", "cpu": "6C / 12T @ 2.2 GHz (Core i7-8750H)", "storage": "512 GB NVME SSD", "gpu": "NVIDIA GeForce RTX 2080", "name": "Acer Predator Triton 500", "price": "$2632.29"}, {"screen_size": "15.6\"", "resolution": "1920 x 1080", "memory": "16 GB", "cpu": "6C / 12T @ 2.6 GHz (Core i7-9750H)", "storage": "512 GB NVME SSD", "gpu": "NVIDIA GeForce RTX 2060", "name": "Acer Predator Helios 300", "price": "$1888.92"}, {"screen_size": "15\"", "resolution": "2496 x 1664", "memory": "8 GB", "cpu": "4C / 8T @ 2.1 GHz (Ryzen 5 3580U)", "storage": "256 GB SSD", "gpu": "AMD Radeon Vega 9", "name": "Microsoft Surface Laptop 3", "price": "$1157.50"}, {"screen_size": "12.3\"", "resolution": "2736 x 1824", "memory": "8 GB", "cpu": "4C / 8T @ 1.1 GHz (Core i5-1035G4)", "storage": "256 GB", "gpu": "Intel Iris Plus Graphics", "name": "Microsoft Surface Pro 7", "price": "$1036.98"}, {"screen_size": "11.6\"", "resolution": "1366 x 768", "memory": "4 GB", "cpu": "2C / 2T @ 1.1 GHz (Celeron N4000)", "storage": "16 GB eMMC", "gpu": "Intel UHD Graphics 600", "name": "Dell Chromebook 11 3100", "price": "$283.25"}, {"screen_size": "12.3\"", "resolution": "2736 x 1824", "memory": "8 GB", "cpu": "2C / 4T @ 1.2 GHz (Core i3-1005G1)", "storage": "256 GB SSD", "gpu": "Intel UHD Graphics", "name": "Microsoft Surface Pro 7", "price": "$1114.60"}, {"screen_size": "11.6\"", "resolution": "1366 x 768", "memory": "4 GB", "cpu": "2C / 2T @ 1.1 GHz (Celeron N4000)", "storage": "64 GB eMMC", "gpu": "Intel UHD Graphics 600", "name": "Acer TravelMate Spin B1", "price": "$338.15"}, {"screen_size": "15.6\"", "resolution": "1920 x 1080", "memory": "8 GB", "cpu": "4C / 8T @ 2.4 GHz (Core i5-9300H)", "storage": "256 GB NVME SSD", "gpu": "NVIDIA GeForce GTX 1660 Ti", "name": "MSI Creator 15M", "price": "$1112.60"}, {"screen_size": "15.6\"", "resolution": "1920 x 1080", "memory": "16 GB", "cpu": "6C / 12T @ 2.6 GHz (Core i7-9750H)", "storage": "512 GB NVME SSD", "gpu": "NVIDIA GeForce GTX 1050", "name": "Acer Aspire 7", "price": "$1271.63"}, {"screen_size": "15.6\"", "resolution": "1920 x 1080", "memory": "16 GB", "cpu": "6C / 12T @ 2.2 GHz (Core i7-8750H)", "storage": "256 GB NVME SSD", "gpu": "NVIDIA GeForce RTX 2080 Max-Q", "name": "MSI GS65 Stealth", "price": "$3116.30"}, {"screen_size": "14\"", "resolution": "3840 x 2160", "memory": "16 GB", "cpu": "4C / 8T @ 1.6 GHz (Core i5-8265U)", "storage": "512 GB NVME SSD", "gpu": "NVIDIA GeForce GTX 1650 Max-Q", "name": "MSI Prestige 14", "price": "$1837.10"}, {"screen_size": "15.6\"", "resolution": "1920 x 1080", "memory": "16 GB", "cpu": "6C / 12T @ 2.6 GHz (Core i7-9750H)", "storage": "512 GB NVME SSD", "gpu": "NVIDIA GeForce GTX 1660 Ti", "name": "MSI GL65", "price": "$1507.70"}, {"screen_size": "11.6\"", "resolution": "1366 x 768", "memory": "4 GB", "cpu": "2C / 2T @ 1.1 GHz (Celeron N4000)", "storage": "64 GB eMMC", "gpu": "Intel UHD Graphics 600", "name": "Acer TravelMate B1", "price": "$241.79"}, {"screen_size": "14\"", "resolution": "1920 x 1080", "memory": "4 GB", "cpu": "2C / 2T @ 1.1 GHz (Celeron N4000)", "storage": "64 GB eMMC", "gpu": "Intel UHD Graphics 600", "name": "HP Stream", "price": "$306.49"}, {"screen_size": "13.5\"", "resolution": "2256 x 1504", "memory": "16 GB", "cpu": "4C / 8T @ 1.3 GHz (Core i7-1065G7)", "storage": "256 GB SSD", "gpu": "Intel Iris Plus Graphics", "name": "Microsoft Surface Laptop 3", "price": "$1434.60"}, {"screen_size": "12.3\"", "resolution": "2736 x 1824", "memory": "16 GB", "cpu": "2C / 4T @ 1.2 GHz (Core i3-1005G1)", "storage": "256 GB SSD", "gpu": "Intel UHD Graphics", "name": "Microsoft Surface Pro 7", "price": "$1523.30"}, {"screen_size": "15.6\"", "resolution": "1920 x 1080", "memory": "16 GB", "cpu": "6C / 12T @ 2.6 GHz (Core i7-9750H)", "storage": "512 GB NVME SSD", "gpu": "NVIDIA GeForce RTX 2060", "name": "MSI GE65 Raider", "price": "$1950.60"}, {"screen_size": "13.5\"", "resolution": "2256 x 1504", "memory": "16 GB", "cpu": "4C / 8T @ 1.3 GHz (Core i7-1065G7)", "storage": "512 GB SSD", "gpu": "Intel Iris Plus Graphics", "name": "Microsoft Surface Laptop 3", "price": "$2102.10"}, {"screen_size": "14\"", "resolution": "1920 x 1080", "memory": "16 GB", "cpu": "4C / 8T @ 1.7 GHz (Core i5-8350U)", "storage": "256 GB NVME SSD", "gpu": "Intel UHD Graphics 620", "name": "Lenovo ThinkPad X1 Yoga (3rd Gen)", "price": "$1875.79"}, {"screen_size": "13.3\"", "resolution": "2560 x 1600", "memory": "8 GB", "cpu": "2C / 4T @ 1.6 GHz (Core i5-8210Y)", "storage": "256 GB", "gpu": "Intel UHD Graphics 617", "name": "Apple MacBook Air (Mid 2019)", "price": "$1306.39"}, {"screen_size": "14\"", "resolution": "1920 x 1080", "memory": "4 GB", "cpu": "4C / 4T @ 1.1 GHz (Celeron N3450)", "storage": "64 GB eMMC", "gpu": "Intel HD Graphics 500", "name": "Asus Vivobook Flip 14", "price": "$416.59"}, {"screen_size": "15.6\"", "resolution": "1920 x 1080", "memory": "32 GB", "cpu": "6C / 12T @ 2.2 GHz (Core i7-8750H)", "storage": "512 GB NVME SSD", "gpu": "NVIDIA GeForce RTX 2070 Max-Q", "name": "MSI GS65 Stealth", "price": "$2425.85"}, {"screen_size": "11.6\"", "resolution": "1366 x 768", "memory": "4 GB", "cpu": "2C / 2T @ 1.1 GHz (Celeron N4000)", "storage": "32 GB eMMC", "gpu": "Intel UHD Graphics 600", "name": "HP Chromebook 11 G7 EE", "price": "$233.99"}, {"screen_size": "12.3\"", "resolution": "2736 x 1824", "memory": "16 GB", "cpu": "4C / 8T @ 1.3 GHz (Core i7-1065G7)", "storage": "256 GB SSD", "gpu": "Intel Iris Plus Graphics", "name": "Microsoft Surface Pro 7", "price": "$1513.10"}, {"screen_size": "17\"", "resolution": "1920 x 1080", "memory": "8 GB", "cpu": "6C / 12T @ 2.6 GHz (Core i7-9750H)", "storage": "512 GB NVME SSD", "gpu": "NVIDIA GeForce GTX 1660 Ti", "name": "HP Omen", "price": "$1372.60"}, {"screen_size": "11.6\"", "resolution": "1366 x 768", "memory": "4 GB", "cpu": "2C / 2T @ 1.1 GHz (Celeron N4000)", "storage": "64 GB eMMC", "gpu": "Intel UHD Graphics 600", "name": "Acer Chromebook Spin 311", "price": "$390.99"}, {"screen_size": "15.6\"", "resolution": "1920 x 1080", "memory": "16 GB", "cpu": "6C / 12T @ 2.6 GHz (Core i7-9750H)", "storage": "512 GB", "gpu": "NVIDIA GeForce GTX 1660 Ti", "name": "EVOO GAMING EG-LP5-BK", "price": "$1228.20"}, {"screen_size": "14\"", "resolution": "1366 x 768", "memory": "4 GB", "cpu": "2C / 4T @ 2.1 GHz (Core i3-8145U)", "storage": "128 GB NVME SSD", "gpu": "Intel HD Graphics 620", "name": "Lenovo Flex 14", "price": "$431.99"}, {"screen_size": "17.3\"", "resolution": "1920 x 1080", "memory": "16 GB", "cpu": "6C / 12T @ 2.6 GHz (Core i7-9750H)", "storage": "512 GB NVME SSD", "gpu": "NVIDIA GeForce RTX 2060", "name": "MSI GE75 Raider", "price": "$1858.85"}, {"screen_size": "12.3\"", "resolution": "2736 x 1824", "memory": "8 GB", "cpu": "4C / 8T @ 1.1 GHz (Core i5-1035G4)", "storage": "256 GB SSD", "gpu": "Intel Iris Plus Graphics", "name": "Microsoft Surface Pro 7", "price": "$1103.10"}, {"screen_size": "15.6\"", "resolution": "3840 x 2160", "memory": "16 GB", "cpu": "6C / 12T @ 2.6 GHz (Core i7-9750H)", "storage": "512 GB NVME SSD", "gpu": "NVIDIA Quadro T2000", "name": "Lenovo ThinkPad P53", "price": "$2286.55"}, {"screen_size": "14\"", "resolution": "1920 x 1080", "memory": "16 GB", "cpu": "4C / 8T @ 1.6 GHz (Core i5-8265U)", "storage": "256 GB NVME SSD", "gpu": "Intel UHD Graphics 620", "name": "Lenovo ThinkPad X1 Yoga (4th Gen)", "price": "$1512.15"}, {"screen_size": "13\"", "resolution": "2880 x 1920", "memory": "16 GB", "cpu": "8C / 8T @ 3 GHz (SQ1)", "storage": "256 GB SSD", "gpu": "Qualcomm Adreno 685", "name": "Microsoft Surface Pro X", "price": "$1644.88"}, {"screen_size": "15.6\"", "resolution": "1920 x 1080", "memory": "16 GB", "cpu": "6C / 12T @ 2.6 GHz (Core i7-9750H)", "storage": "512 GB NVME SSD", "gpu": "NVIDIA GeForce GTX 1660 Ti", "name": "Aorus AORUS 15", "price": "$1721.50"}, {"screen_size": "14\"", "resolution": "1366 x 768", "memory": "4 GB", "cpu": "2C / 2T @ 1.1 GHz (Celeron N4000)", "storage": "64 GB eMMC", "gpu": "Intel UHD Graphics 600", "name": "Asus R420", "price": "$279.19"}, {"screen_size": "15.6\"", "resolution": "1920 x 1080", "memory": "16 GB", "cpu": "6C / 12T @ 2.6 GHz (Core i7-9750H)", "storage": "256 GB NVME SSD + 1 TB HDD", "gpu": "NVIDIA GeForce RTX 2060", "name": "MSI GE63 Raider RGB", "price": "$2203.40"}, {"screen_size": "13.3\"", "resolution": "2560 x 1600", "memory": "8 GB", "cpu": "4C / 8T @ 1.4 GHz (Core i5-8257U)", "storage": "128 GB Integrated PCIe", "gpu": "Intel Iris Plus 645", "name": "Apple MacBook Pro with Touch Bar (Mid 2019)", "price": "$1346.39"}, {"screen_size": "13.3\"", "resolution": "2560 x 1600", "memory": "8 GB", "cpu": "4C / 8T @ 1.4 GHz (Core i5-8257U)", "storage": "256 GB Integrated PCIe", "gpu": "Intel Iris Plus 645", "name": "Apple MacBook Pro with Touch Bar (Mid 2019)", "price": "$1408.19"}, {"screen_size": "12.3\"", "resolution": "2736 x 1824", "memory": "16 GB", "cpu": "4C / 8T @ 1.3 GHz (Core i7-1065G7)", "storage": "512 GB SSD", "gpu": "Intel Iris Plus Graphics", "name": "Microsoft Surface Pro 7", "price": "$2102.70"}, {"screen_size": "14\"", "resolution": "2560 x 1440", "memory": "16 GB", "cpu": "4C / 8T @ 1.9 GHz (Core i7-8665U)", "storage": "512 GB NVME SSD", "gpu": "Intel UHD Graphics 620", "name": "Lenovo ThinkPad X1 Yoga (4th Gen)", "price": "$2075.15"}, {"screen_size": "14\"", "resolution": "1920 x 1080", "memory": "8 GB", "cpu": "4C / 8T @ 1.8 GHz (Core i7-8565U)", "storage": "256 GB NVME SSD", "gpu": "Intel UHD Graphics 620", "name": "Lenovo ThinkPad X1 Carbon (7th Gen)", "price": "$1759.69"}, {"screen_size": "14\"", "resolution": "1920 x 1080", "memory": "4 GB", "cpu": "2C / 2T @ 1.1 GHz (Celeron N4000)", "storage": "64 GB eMMC", "gpu": "Intel UHD Graphics 600", "name": "HP Stream", "price": "$318.99"}, {"screen_size": "11.6\"", "resolution": "1366 x 768", "memory": "4 GB", "cpu": "2C / 2T @ 1.1 GHz (Celeron N4000)", "storage": "32 GB eMMC", "gpu": "Intel UHD Graphics 600", "name": "Acer Chromebook 311", "price": "$291.19"}, {"screen_size": "11.6\"", "resolution": "1366 x 768", "memory": "4 GB", "cpu": "2C / 2T @ 1.1 GHz (Celeron N4000)", "storage": "64 GB eMMC", "gpu": "Intel UHD Graphics 600", "name": "Lenovo Chromebook C340", "price": null}, {"screen_size": "12\"", "resolution": "1366 x 912", "memory": "4 GB", "cpu": "2C / 2T @ 1.1 GHz (Celeron N4000)", "storage": "32 GB eMMC", "gpu": "Intel UHD Graphics 600", "name": "HP Chromebook X360", "price": "$388.39"}, {"screen_size": "15.6\"", "resolution": "1920 x 1080", "memory": "16 GB", "cpu": "6C / 12T @ 2.2 GHz (Core i7-8750H)", "storage": "512 GB NVME SSD + 2 TB HDD", "gpu": "NVIDIA GeForce RTX 2060", "name": "Gigabyte AORUS 15", "price": null}, {"screen_size": "15.6\"", "resolution": "1920 x 1080", "memory": "16 GB", "cpu": "6C / 12T @ 2.2 GHz (Core i7-8750H)", "storage": "512 GB NVME SSD + 1 TB HDD", "gpu": "NVIDIA GeForce RTX 2070", "name": "Gigabyte AORUS 15", "price": null}, {"screen_size": "13.5\"", "resolution": "2256 x 1504", "memory": "16 GB", "cpu": "4C / 8T @ 1.3 GHz (Core i7-1065G7)", "storage": "256 GB SSD", "gpu": "Intel Iris Plus Graphics", "name": "Microsoft Surface Laptop 3", "price": "$1461.59"}, {"screen_size": "11.6\"", "resolution": "1366 x 768", "memory": "4 GB", "cpu": "2C / 2T @ 1.1 GHz (Celeron N4000)", "storage": "16 GB eMMC", "gpu": "Intel UHD Graphics 600", "name": "Dell Chromebook 11 3100", "price": "$247.67"}, {"screen_size": "11.6\"", "resolution": "1366 x 768", "memory": "4 GB", "cpu": "2C / 2T @ 1.1 GHz (Celeron N4000)", "storage": "64 GB eMMC", "gpu": "Intel UHD Graphics 600", "name": "Asus E203", "price": "$251.89"}, {"screen_size": "13.5\"", "resolution": "2256 x 1504", "memory": "8 GB", "cpu": "4C / 8T @ 1.2 GHz (Core i5-1035G7)", "storage": "256 GB SSD", "gpu": "Intel Iris Plus Graphics", "name": "Microsoft Surface Laptop 3", "price": "$1303.90"}, {"screen_size": "13.5\"", "resolution": "2256 x 1504", "memory": "8 GB", "cpu": "4C / 8T @ 1.2 GHz (Core i5-1035G7)", "storage": "256 GB SSD", "gpu": "Intel Iris Plus Graphics", "name": "Microsoft Surface Laptop 3", "price": "$1150.20"}, {"screen_size": "13.3\"", "resolution": "2560 x 1600", "memory": "8 GB", "cpu": "2C / 4T @ 1.6 GHz (Core i5-8210Y)", "storage": "256 GB", "gpu": "Intel UHD Graphics 617", "name": "Apple MacBook Air (Mid 2019)", "price": "$1280.49"}, {"screen_size": "13.5\"", "resolution": "2256 x 1504", "memory": "16 GB", "cpu": "4C / 8T @ 1.3 GHz (Core i7-1065G7)", "storage": "512 GB SSD", "gpu": "Intel Iris Plus Graphics", "name": "Microsoft Surface Laptop 3", "price": "$2052.80"}, {"screen_size": "15.6\"", "resolution": "1920 x 1080", "memory": "16 GB", "cpu": "6C / 12T @ 2.6 GHz (Core i7-9750H)", "storage": "512 GB NVME SSD", "gpu": "NVIDIA Quadro T2000", "name": "Lenovo ThinkPad P53", "price": "$2135.73"}, {"screen_size": "11.6\"", "resolution": "1366 x 768", "memory": "4 GB", "cpu": "2C / 2T @ 1.1 GHz (Celeron N4000)", "storage": "64 GB eMMC", "gpu": "Intel UHD Graphics 600", "name": "Acer TravelMate B1", "price": "$244.47"}, {"screen_size": "14\"", "resolution": "2560 x 1440", "memory": "16 GB", "cpu": "4C / 8T @ 1.9 GHz (Core i7-8650U)", "storage": "512 GB NVME SSD", "gpu": "Intel UHD Graphics 620", "name": "Lenovo ThinkPad X1 Yoga (3rd Gen)", "price": "$1631.27"}, {"screen_size": "13.5\"", "resolution": "2256 x 1504", "memory": "8 GB", "cpu": "4C / 8T @ 1.2 GHz (Core i5-1035G7)", "storage": "256 GB SSD", "gpu": "Intel Iris Plus Graphics", "name": "Microsoft Surface Laptop 3", "price": "$1316.30"}, {"screen_size": "14\"", "resolution": "2560 x 1440", "memory": "16 GB", "cpu": "4C / 8T @ 1.9 GHz (Core i7-8650U)", "storage": "512 GB NVME SSD", "gpu": "Intel UHD Graphics 620", "name": "Lenovo ThinkPad X1 Yoga (3rd Gen)", "price": "$1886.83"}, {"screen_size": "14\"", "resolution": "1920 x 1080", "memory": "16 GB", "cpu": "4C / 8T @ 1.8 GHz (Core i7-8565U)", "storage": "256 GB NVME SSD", "gpu": "Intel UHD Graphics 620", "name": "Lenovo ThinkPad X1 Carbon (7th Gen)", "price": "$1905.64"}, {"screen_size": "12.3\"", "resolution": "2736 x 1824", "memory": "16 GB", "cpu": "4C / 8T @ 1.1 GHz (Core i5-1035G4)", "storage": "256 GB", "gpu": "Intel Iris Plus Graphics", "name": "Microsoft Surface Pro 7", "price": "$1492.39"}, {"screen_size": "15.6\"", "resolution": "1920 x 1080", "memory": "8 GB", "cpu": "6C / 12T @ 2.6 GHz (Core i7-9750H)", "storage": "1 TB HDD", "gpu": "NVIDIA GeForce GTX 1650", "name": "Aorus AORUS 5", "price": null}, {"screen_size": "11.6\"", "resolution": "1366 x 768", "memory": "4 GB", "cpu": "2C / 2T @ 1.1 GHz (Celeron N4000)", "storage": "64 GB eMMC", "gpu": "Intel UHD Graphics 600", "name": "Samsung Chromebook 4", "price": "$292.59"}, {"screen_size": "11.6\"", "resolution": "1366 x 768", "memory": "4 GB", "cpu": "2C / 2T @ 1.1 GHz (Celeron N4000)", "storage": "32 GB eMMC", "gpu": "Intel UHD Graphics 600", "name": "Dell Chromebook 11 3100", "price": "$355.10"}, {"screen_size": "13.5\"", "resolution": "2256 x 1504", "memory": "16 GB", "cpu": "4C / 8T @ 1.2 GHz (Core i5-1035G7)", "storage": "256 GB SSD", "gpu": "Intel Iris Plus Graphics", "name": "Microsoft Surface Laptop 3", "price": "$1421.40"}, {"screen_size": "14\"", "resolution": "2560 x 1440", "memory": "16 GB", "cpu": "4C / 8T @ 1.8 GHz (Core i7-8565U)", "storage": "512 GB NVME SSD", "gpu": "Intel UHD Graphics 620", "name": "Lenovo ThinkPad X1 Carbon (7th Gen)", "price": null}, {"screen_size": "14\"", "resolution": "1366 x 768", "memory": "4 GB", "cpu": "2C / 2T @ 1.1 GHz (Celeron N4000)", "storage": "64 GB eMMC", "gpu": "Intel UHD Graphics 600", "name": "Dell Chromebook 14 3400", "price": "$349.39"}, {"screen_size": "11.6\"", "resolution": "1366 x 768", "memory": "4 GB", "cpu": "2C / 2T @ 1.1 GHz (Celeron N4000)", "storage": "64 GB eMMC", "gpu": "Intel UHD Graphics 600", "name": "Acer TravelMate Spin B1", "price": null}, {"screen_size": "14\"", "resolution": "1920 x 1080", "memory": "8 GB", "cpu": "4C / 8T @ 1.6 GHz (Core i5-10210U)", "storage": "512 GB NVME SSD", "gpu": "Intel UHD Graphics", "name": "MSI Modern 14", "price": "$1062.50"}, {"screen_size": "15.6\"", "resolution": "1920 x 1080", "memory": "16 GB", "cpu": "6C / 12T @ 2.6 GHz (Core i7-9750H)", "storage": "1 TB HDD", "gpu": "NVIDIA Quadro T1000", "name": "Lenovo ThinkPad P53", "price": "$1568.29"}, {"screen_size": "14\"", "resolution": "1366 x 768", "memory": "4 GB", "cpu": "4C / 4T @ 1.1 GHz (Pentium Silver N5000)", "storage": "128 GB eMMC", "gpu": "Intel UHD Graphics 605", "name": "Asus Vivobook Flip 14", "price": "$353.79"}, {"screen_size": "12\"", "resolution": "1366 x 912", "memory": "4 GB", "cpu": "2C / 2T @ 1.1 GHz (Celeron N4000)", "storage": "32 GB eMMC", "gpu": "Intel UHD Graphics 600", "name": "Acer 12T", "price": "$392.48"}, {"screen_size": "11.6\"", "resolution": "1366 x 768", "memory": "4 GB", "cpu": "2C / 2T @ 1.1 GHz (Celeron N4000)", "storage": "32 GB eMMC", "gpu": "Intel UHD Graphics 600", "name": "Dell Chromebook 11 3100", "price": "$315.79"}, {"screen_size": "15.6\"", "resolution": "1920 x 1080", "memory": "16 GB", "cpu": "6C / 12T @ 2.6 GHz (Core i7-9750H)", "storage": "512 GB NVME SSD", "gpu": "NVIDIA Quadro P620", "name": "MSI WP65", "price": "$1646.28"}, {"screen_size": "13.5\"", "resolution": "2256 x 1504", "memory": "16 GB", "cpu": "4C / 8T @ 1.3 GHz (Core i7-1065G7)", "storage": "512 GB SSD", "gpu": "Intel Iris Plus Graphics", "name": "Microsoft Surface Laptop 3", "price": "$1890.49"}, {"screen_size": "12.3\"", "resolution": "2736 x 1824", "memory": "16 GB", "cpu": "4C / 8T @ 1.3 GHz (Core i7-1065G7)", "storage": "512 GB SSD", "gpu": "Intel Iris Plus Graphics", "name": "Microsoft Surface Pro 7", "price": "$1980.49"}, {"screen_size": "12.3\"", "resolution": "2736 x 1824", "memory": "8 GB", "cpu": "4C / 8T @ 1.1 GHz (Core i5-1035G4)", "storage": "256 GB", "gpu": "Intel Iris Plus Graphics", "name": "Microsoft Surface Pro 7", "price": "$1342.30"}, {"screen_size": "14\"", "resolution": "1920 x 1080", "memory": "16 GB", "cpu": "4C / 8T @ 1.6 GHz (Core i5-8250U)", "storage": "256 GB NVME SSD", "gpu": "Intel UHD Graphics 620", "name": "Lenovo ThinkPad X1 Yoga (3rd Gen)", "price": "$1320.66"}, {"screen_size": "14\"", "resolution": "1920 x 1080", "memory": "16 GB", "cpu": "4C / 8T @ 1.7 GHz (Core i5-8350U)", "storage": "512 GB NVME SSD", "gpu": "Intel UHD Graphics 620", "name": "Lenovo ThinkPad X1 Yoga (3rd Gen)", "price": "$2434.69"}, {"screen_size": "14\"", "resolution": "1920 x 1080", "memory": "16 GB", "cpu": "4C / 8T @ 1.8 GHz (Core i7-8565U)", "storage": "256 GB NVME SSD", "gpu": "Intel UHD Graphics 620", "name": "Lenovo ThinkPad X1 Yoga (4th Gen)", "price": "$2309.80"}, {"screen_size": "14\"", "resolution": "1920 x 1080", "memory": "8 GB", "cpu": "4C / 8T @ 1 GHz (Core i5-1035G1)", "storage": "512 GB NVME SSD", "gpu": "Intel UHD Graphics", "name": "Acer Swift 5", "price": "$927.99"}, {"screen_size": "15.6\"", "resolution": "1920 x 1080", "memory": "8 GB", "cpu": "4C / 8T @ 1.6 GHz (Core i5-8265U)", "storage": "256 GB NVME SSD", "gpu": "Intel UHD Graphics 620", "name": "Acer Swift 5", "price": "$689.20"}, {"screen_size": "11.6\"", "resolution": "1366 x 768", "memory": "4 GB", "cpu": "2C / 2T @ 1.1 GHz (Celeron N4000)", "storage": "32 GB eMMC", "gpu": "Intel UHD Graphics 600", "name": "Dell Chromebook 11 3100", "price": "$357.89"}]