[{"type": "Windows", "mode": "64-bit", "maximum_supported_memory": "128 GB", "name": "Microsoft Windows 10 Home (64-bit)", "price": "$110.89"}, {"type": "Windows", "mode": "64-bit", "maximum_supported_memory": "2048 GB", "name": "Microsoft Windows 10 Pro (64-bit)", "price": "$146.89"}, {"type": "Windows", "mode": "32/64-bit", "maximum_supported_memory": "2048 GB", "name": "Microsoft Windows 10 Pro (32/64-bit)", "price": "$229.19"}, {"type": "Windows", "mode": "64-bit", "maximum_supported_memory": "128 GB", "name": "Microsoft Windows 10 Home (64-bit)", "price": "$202.83"}, {"type": "Windows", "mode": "32/64-bit", "maximum_supported_memory": "2048 GB", "name": "Microsoft Windows 10 Pro (32/64-bit)", "price": null}, {"type": "Windows", "mode": "32/64-bit", "maximum_supported_memory": "128 GB", "name": "Microsoft Windows 10 Home (32/64-bit)", "price": "$145.89"}, {"type": "Windows", "mode": "32/64-bit", "maximum_supported_memory": "192 GB", "name": "Microsoft Windows 7 Professional (32/64-bit)", "price": null}, {"type": "Windows", "mode": "32/64-bit", "maximum_supported_memory": "2048 GB", "name": "Microsoft Windows 10 Pro (32/64-bit)", "price": "$203.30"}, {"type": "Windows", "mode": "32-bit", "maximum_supported_memory": "4 GB", "name": "Microsoft Windows 10 Home (32-bit)", "price": "$122.99"}, {"type": "Windows", "mode": "32/64-bit", "maximum_supported_memory": "128 GB", "name": "Microsoft Windows 10 Home (32/64-bit)", "price": "$138.64"}, {"type": "Windows", "mode": "64-bit", "maximum_supported_memory": "2048 GB", "name": "Microsoft Windows 10 Pro (64-bit)", "price": null}, {"type": "Windows", "mode": "32/64-bit", "maximum_supported_memory": "2048 GB", "name": "Microsoft Windows 10 Pro (32/64-bit)", "price": null}, {"type": "Windows", "mode": "32/64-bit", "maximum_supported_memory": "128 GB", "name": "Microsoft Windows 10 Home (32/64-bit)", "price": "$145.79"}, {"type": "Windows", "mode": "32/64-bit", "maximum_supported_memory": "16 GB", "name": "Microsoft Windows 7 Home Premium (32/64-bit)", "price": "$268.30"}, {"type": "Windows", "mode": "64-bit", "maximum_supported_memory": "128 GB", "name": "Microsoft Windows 10 Home (64-bit)", "price": null}, {"type": "Windows", "mode": "32/64-bit", "maximum_supported_memory": "128 GB", "name": "Microsoft Windows 10 Home (32/64-bit)", "price": null}, {"type": "Windows", "mode": "32-bit", "maximum_supported_memory": "4 GB", "name": "Microsoft Windows 10 Pro (32-bit)", "price": "$166.00"}, {"type": "Windows", "mode": "64-bit", "maximum_supported_memory": "128 GB", "name": "Microsoft Windows 8.1 (64-bit)", "price": null}, {"type": "Windows", "mode": "64-bit", "maximum_supported_memory": "16 GB", "name": "Microsoft Windows 7 Home Premium SP1 (64-bit)", "price": null}, {"type": "Windows", "mode": "64-bit", "maximum_supported_memory": "192 GB", "name": "Microsoft Windows 7 Ultimate SP1 (64-bit)", "price": null}, {"type": "Windows", "mode": "64-bit", "maximum_supported_memory": "192 GB", "name": "Microsoft Windows 7 Professional SP1 (64-bit)", "price": null}, {"type": "Windows", "mode": "32-bit", "maximum_supported_memory": "4 GB", "name": "Microsoft Windows 7 Home Premium SP1 (32-bit)", "price": "$105.59"}, {"type": "Windows", "mode": "64-bit", "maximum_supported_memory": "512 GB", "name": "Microsoft Windows 8.1 Pro (64-bit)", "price": "$170.71"}, {"type": "Windows", "mode": "32-bit", "maximum_supported_memory": "4 GB", "name": "Microsoft Windows 7 Ultimate SP1 (32-bit)", "price": "$239.24"}, {"type": "Windows", "mode": "64-bit", "maximum_supported_memory": "512 GB", "name": "Microsoft Windows 8.1 Pro (64-bit)", "price": null}, {"type": "Windows", "mode": "32/64-bit", "maximum_supported_memory": "192 GB", "name": "Microsoft Windows 7 Ultimate (32/64-bit)", "price": null}, {"type": "Windows", "mode": "32-bit", "maximum_supported_memory": "4 GB", "name": "Microsoft Windows 8 (32-bit)", "price": null}, {"type": "Windows", "mode": "64-bit", "maximum_supported_memory": "192 GB", "name": "Microsoft Windows 7 Ultimate (64-bit)", "price": null}, {"type": "Windows", "mode": "64-bit", "maximum_supported_memory": "128 GB", "name": "Microsoft Windows 8 (64-bit)", "price": null}, {"type": "Windows", "mode": "32/64-bit", "maximum_supported_memory": "128 GB", "name": "Microsoft Windows 8.1 (32/64-bit)", "price": "$189.99"}, {"type": "Windows", "mode": "32/64-bit", "maximum_supported_memory": "512 GB", "name": "Microsoft Windows 8.1 Pro (32/64-bit)", "price": null}, {"type": "Windows", "mode": "32-bit", "maximum_supported_memory": "4 GB", "name": "Microsoft Windows 8.1 Pro (32-bit)", "price": null}, {"type": "Windows", "mode": "64-bit", "maximum_supported_memory": "192 GB", "name": "Microsoft Windows 7 Professional SP1 (64-bit)", "price": null}, {"type": "Windows", "mode": "64-bit", "maximum_supported_memory": "512 GB", "name": "Microsoft Windows 8.1 Pro DE (64-bit)", "price": "$161.87"}, {"type": "Windows", "mode": "32-bit", "maximum_supported_memory": "4 GB", "name": "Microsoft Windows 7 Professional SP1 (32-bit)", "price": "$171.24"}, {"type": "Windows", "mode": "64-bit", "maximum_supported_memory": "192 GB", "name": "Microsoft Windows 7 Pro SP1 DE (64-bit)", "price": null}, {"type": "Windows", "mode": "64-bit", "maximum_supported_memory": "16 GB", "name": "Microsoft Windows 7 Home Premium SP1 (64-bit)", "price": null}, {"type": "Windows", "mode": "32-bit", "maximum_supported_memory": "4 GB", "name": "Microsoft Windows 8.1 Pro (32-bit)", "price": null}, {"type": "Windows", "mode": "64-bit", "maximum_supported_memory": "128 GB", "name": "Microsoft Windows 8.1 (64-bit)", "price": null}, {"type": "Windows", "mode": "32-bit", "maximum_supported_memory": "4 GB", "name": "Microsoft Windows 7 Home Premium SP1 (32-bit)", "price": null}, {"type": "Windows", "mode": "64-bit", "maximum_supported_memory": "192 GB", "name": "Microsoft Windows 7 Ultimate SP1 (64-bit)", "price": null}, {"type": "Windows", "mode": "64-bit", "maximum_supported_memory": "128 GB", "name": "Microsoft Windows 8 (64-bit)", "price": null}, {"type": "Windows", "mode": "64-bit", "maximum_supported_memory": "512 GB", "name": "Microsoft Windows 8 Pro (64-bit)", "price": null}, {"type": "Windows", "mode": "64-bit", "maximum_supported_memory": "192 GB", "name": "Microsoft Windows 7 Pro SP1 DE (64-bit)", "price": null}, {"type": "Windows", "mode": "64-bit", "maximum_supported_memory": "16 GB", "name": "Microsoft Windows 7 Home Premium SP1 (64-bit)", "price": null}, {"type": "Windows", "mode": "64-bit", "maximum_supported_memory": "128 GB", "name": "Microsoft Windows 8.1 DE (64-bit)", "price": null}, {"type": "Windows", "mode": "32-bit", "maximum_supported_memory": "4 GB", "name": "Microsoft Windows 8.1 (32-bit)", "price": null}, {"type": "Windows", "mode": "32-bit", "maximum_supported_memory": "4 GB", "name": "Microsoft Windows 7 Ultimate SP1 (32-bit)", "price": null}, {"type": "Windows", "mode": "32-bit", "maximum_supported_memory": "4 GB", "name": "Microsoft Windows 8 Pro (32-bit)", "price": null}, {"type": "Windows", "mode": "32-bit", "maximum_supported_memory": "4 GB", "name": "Microsoft Windows 8.1 (32-bit)", "price": null}, {"type": "Windows", "mode": "32-bit", "maximum_supported_memory": "4 GB", "name": "Microsoft Windows 7 Professional SP1 (32-bit)", "price": null}, {"type": "Windows", "mode": "32-bit", "maximum_supported_memory": "4 GB", "name": "Microsoft Windows 8 (32-bit)", "price": null}, {"type": "Windows", "mode": "64-bit", "maximum_supported_memory": "512 GB", "name": "Microsoft Windows 8 Pro (64-bit)", "price": null}, {"type": "Windows", "mode": "32-bit", "maximum_supported_memory": "4 GB", "name": "Microsoft Windows 7 Professional SP1 (32-bit)", "price": null}, {"type": "Windows", "mode": "32-bit", "maximum_supported_memory": "4 GB", "name": "Microsoft Windows 8 Pro (32-bit)", "price": null}, {"type": "Windows", "mode": "64-bit", "maximum_supported_memory": "512 GB", "name": "Microsoft Windows 8 Pro DE (64-bit)", "price": null}]