[{"type": "Office & Productivity", "media_type": "Product Key Card", "name": "Microsoft Project Professional 2019", "price": "$1149.92"}, {"type": "Antivirus", "media_type": "Product Key Card", "name": "McAfee Antivirus 2019 (1 Year Subscription)", "price": "$18.09"}, {"type": "Audio & Video", "media_type": "Download", "name": "Sony Vegas Pro 13", "price": null}, {"type": "Office & Productivity", "media_type": "Product Key Card", "name": "Microsoft Office Home & Student 2019", "price": "$153.09"}, {"type": "Design & Illustration", "media_type": "Download", "name": "Adobe Photoshop & Premiere Elements 2019", "price": null}, {"type": "Antivirus", "media_type": "Download", "name": "McAfee AntiVirus 2019 (1 Year Subscription)", "price": "$11.39"}, {"type": "Office & Productivity", "media_type": "Product Key Card", "name": "Microsoft Office 365 Home (1 Year Subscription) - 6 Users", "price": "$105.24"}, {"type": "Office & Productivity", "media_type": "Product Key Card", "name": "Microsoft Office Home & Business 2019 - 1 Device", "price": "$252.40"}, {"type": "Office & Productivity", "media_type": "Product Key Card", "name": "Microsoft Office 365 Personal (1 Year Subscription) - 1 User", "price": "$53.50"}, {"type": "Audio & Video", "media_type": "Download", "name": "Cyberlink PowerDirector 17 Ultimate", "price": "$142.69"}, {"type": "Antivirus", "media_type": "Download", "name": "Malwarebytes Anti-Malware 3.0 Premium (1 Year Subscription) - 3 PCs", "price": "$41.89"}, {"type": "Antivirus", "media_type": "Product Key Card", "name": "Bitdefender Antivirus Plus 2019 (2 Year Subscription) - 3 PC", "price": "$62.19"}, {"type": "Office & Productivity", "media_type": "Product Key Card", "name": "Microsoft Project Standard 2019", "price": "$582.66"}, {"type": "Design & Illustration", "media_type": "CD/DVD", "name": "Adobe Photoshop & Premiere Elements 2019 - Mac & Windows", "price": "$160.20"}, {"type": "Audio & Video", "media_type": "CD/DVD", "name": "Cyberlink PowerDVD 15 Ultra", "price": "$44.51"}, {"type": "Office & Productivity", "media_type": "Download", "name": "Adobe Acrobat Pro 2017", "price": "$448.10"}, {"type": "Internet Security", "media_type": "Download", "name": "NordVPN Internet Privacy (18 Month Subscription) - 6 Devices", "price": "$87.19"}, {"type": "Internet Security", "media_type": "Product Key Card", "name": "AVG Internet Security (1 Year Subscription) - 3 Devices", "price": "$16.89"}, {"type": "Office & Productivity", "media_type": "Product Key Card", "name": "Microsoft Office Home and Business 2016", "price": "$253.69"}, {"type": "Internet Security", "media_type": "Download", "name": "Symantec Norton Security Standard (1 Year Subscription)", "price": null}, {"type": "Office & Productivity", "media_type": "Product Key Card", "name": "Microsoft Office 365 Home (1 Year Subscription)", "price": "$102.40"}, {"type": "Audio & Video", "media_type": "CD/DVD", "name": "Sony Vegas Pro 13", "price": null}, {"type": "Backup", "media_type": "Product Key Card", "name": "Acronis True Image 2019", "price": "$43.49"}, {"type": "Office & Productivity", "media_type": "Product Key Card", "name": "Microsoft Visio Professional 2019", "price": "$243.94"}, {"type": "Antivirus", "media_type": "Product Key Card", "name": "Bitdefender Family Pack 2019 (2 Year Subscription) - Unlimited Devices", "price": null}, {"type": "Internet Security", "media_type": "Product Key Card", "name": "AVG Ultimate 2020 (1 Year Subscription) - 1 PC", "price": "$26.99"}, {"type": "Audio & Video", "media_type": "CD/DVD", "name": "Image Line FL Studio 12 Producer Edition", "price": null}, {"type": "Audio & Video", "media_type": "Product Key Card", "name": "Adobe Premiere Elements 2019 - Mac & Windows", "price": "$112.69"}, {"type": "Internet Security", "media_type": "CD/DVD", "name": "Symantec Norton Security Deluxe (1 Year Subscription) - 5 Device", "price": "$118.76"}, {"type": "Photography", "media_type": "CD/DVD", "name": "Adobe Photoshop Lightroom 6", "price": null}, {"type": "Office & Productivity", "media_type": "Download", "name": "Microsoft Office 365 Personal (1 Year Subscription)", "price": "$54.19"}, {"type": "Office & Productivity", "media_type": "Product Key Card", "name": "Microsoft Visio Standard 2019", "price": "$257.30"}, {"type": "Antivirus", "media_type": "Product Key Card", "name": "ESET NOD32 Antivirus 2019 (1 Year Subscription) - 5 PCs", "price": null}, {"type": "Antivirus", "media_type": "Product Key Card", "name": "Malwarebytes Anti-Malware Premium (1 Year Subscription) - 3 PCs", "price": "$47.59"}, {"type": "Office & Productivity", "media_type": "Product Key Card", "name": "Microsoft Office Home and Business 2013", "price": "$250.49"}, {"type": "Internet Security", "media_type": "Download", "name": "ESET Internet Security 2019 (1 Year Subscription)", "price": null}, {"type": "Office & Productivity", "media_type": "Product Key Card", "name": "Microsoft Office 365 Personal (1 Year Subscription)", "price": null}, {"type": "Audio & Video", "media_type": "Download", "name": "Adobe Premiere Elements 2019", "price": "$102.49"}, {"type": "Design & Illustration", "media_type": "Download", "name": "Adobe Photoshop Elements 2019", "price": "$106.29"}, {"type": "Office & Productivity", "media_type": "Download", "name": "Microsoft Office 365 Home (1 Year Subscription)", "price": "$118.89"}, {"type": "Internet Security", "media_type": "Product Key Card", "name": "Bitdefender Internet Security 2019 (2 Year Subscription) - 3 Devices", "price": "$77.09"}, {"type": "Internet Security", "media_type": "Download", "name": "NordVPN Internet Privacy (1 Year Subscription) - 6 Devices", "price": "$63.69"}, {"type": "Office & Productivity", "media_type": "CD/DVD", "name": "Adobe Acrobat Pro 2017 for Mac", "price": "$459.00"}, {"type": "Office & Productivity", "media_type": "Product Key Card", "name": "Microsoft Office 365 Personal (1 Year Subscription)", "price": "$40.69"}, {"type": "Internet Security", "media_type": "CD/DVD", "name": "Symantec Norton Security Standard (1 Year Subscription)", "price": "$39.23"}, {"type": "Audio & Video", "media_type": "Download", "name": "Sony Vegas Pro 13 Suite", "price": null}, {"type": "Office & Productivity", "media_type": "Download", "name": "Microsoft Office Home and Student 2016", "price": null}, {"type": "Audio & Video", "media_type": "Download", "name": "Sony Movie Studio 13 Platinum", "price": "$76.90"}, {"type": "Office & Productivity", "media_type": "Product Key Card", "name": "Microsoft Office 365 Business Premium (1 Year Subscription) - 5 Devices", "price": "$142.49"}, {"type": "Design & Illustration", "media_type": "CD/DVD", "name": "Adobe Photoshop Elements 2019 - Mac & Windows", "price": "$102.19"}, {"type": "Audio & Video", "media_type": "CD/DVD", "name": "Cyberlink PowerDirector 14 Ultimate", "price": null}, {"type": "Internet Security", "media_type": "Product Key Card", "name": "Symantec Norton 360 Deluxe (1 Year Subscription) - 5 Devices", "price": "$37.39"}, {"type": "Internet Security", "media_type": "Download", "name": "McAfee Total Protection 2019 (1 Year Subscription) - 5 Devices", "price": "$63.49"}, {"type": "Audio & Video", "media_type": "CD/DVD", "name": "Sony Movie Studio 13 Suite", "price": null}, {"type": "Internet Security", "media_type": "Product Key Card", "name": "Symantec Norton 360 Standard (1 Year Subscription)", "price": "$32.39"}, {"type": "Audio & Video", "media_type": "CD/DVD", "name": "Sony Movie Studio 13 Platinum", "price": null}, {"type": "Office & Productivity", "media_type": "Download", "name": "Adobe Acrobat Pro DC for Windows & Mac (1 Year Subscription)", "price": "$192.88"}, {"type": "Internet Security", "media_type": "Product Key Card", "name": "NordVPN Internet Privacy (1 Year Subscription) - 6 Devices", "price": "$64.39"}, {"type": "Internet Security", "media_type": "Product Key Card", "name": "Symantec Norton 360 Deluxe (1 Year Subscription) - 3 Devices", "price": "$44.29"}, {"type": "Backup", "media_type": "Download", "name": "Paragon Hard Disk Manager 15 Business", "price": "$464.99"}, {"type": "Internet Security", "media_type": "Product Key Card", "name": "McAfee Total Protection 2019 (1 Year Subscription) - 5 Devices", "price": "$47.69"}, {"type": "Photography", "media_type": "Download", "name": "Corel PaintShop Pro X8 Ultimate", "price": "$160.56"}, {"type": "Internet Security", "media_type": "Product Key Card", "name": "McAfee Internet Security 2019 (1 Year Subscription) - 3 Devices", "price": "$39.49"}, {"type": "Utilities", "media_type": "Download", "name": "Laplink SafeErase 8 (64-bit)", "price": "$29.25"}, {"type": "Photography", "media_type": "CD/DVD", "name": "Corel Paint Shop Pro 2019", "price": "$50.89"}, {"type": "Photography", "media_type": "CD/DVD", "name": "Corel PaintShop Pro 2019 Ultimate", "price": "$105.09"}, {"type": "Audio & Video", "media_type": "CD/DVD", "name": "Cyberlink PowerDirector 17 Ultimate", "price": "$132.99"}, {"type": "Audio & Video", "media_type": "CD/DVD", "name": "Pinnacle Studio 19 Ultimate", "price": "$53.76"}, {"type": "Audio & Video", "media_type": "CD/DVD", "name": "Cyberlink PowerDirector 14 Ultimate Suite", "price": "$63.49"}, {"type": "Antivirus", "media_type": "Product Key Card", "name": "ESET NOD32 Antivirus 2019 (1 Year Subscription) - 3 PCs", "price": null}, {"type": "Utilities", "media_type": "Download", "name": "Corel PDF Fusion", "price": "$58.19"}, {"type": "Internet Security", "media_type": "Product Key Card", "name": "AVG Secure VPN (1 Year Subscription) - 5 Devices", "price": "$31.19"}, {"type": "Audio & Video", "media_type": "Download", "name": "Sony Movie Studio 13", "price": "$93.68"}, {"type": "Audio & Video", "media_type": "CD/DVD", "name": "Corel VideoStudio Ultimate X8", "price": "$135.84"}, {"type": "Backup", "media_type": "Product Key Card", "name": "Acronis True Image 2020 (1 Year Subscription)", "price": "$39.60"}, {"type": "Internet Security", "media_type": "Download", "name": "ESET Multi-Device Security (1 Year Subscription) - 5 PCs", "price": "$81.59"}, {"type": "Office & Productivity", "media_type": "Download", "name": "Adobe Acrobat Standard 2017", "price": "$342.00"}, {"type": "Office & Productivity", "media_type": "Download", "name": "Adobe Acrobat Standard DC (1 Year Subscription)", "price": "$171.10"}, {"type": "Utilities", "media_type": "Download", "name": "Piriform  CCleaner Professional", "price": null}, {"type": "Internet Security", "media_type": "Product Key Card", "name": "AVG Ultimate 2020 (1 Year Subscription) - 5 Devices", "price": "$41.09"}, {"type": "Office & Productivity", "media_type": "Product Key Card", "name": "Microsoft Office Home for Student 2016 (Mac)", "price": null}, {"type": "Internet Security", "media_type": "Download", "name": "McAfee LiveSafe 2019", "price": null}, {"type": "Audio & Video", "media_type": "CD/DVD", "name": "Sony Vegas Pro 13 Edit", "price": null}, {"type": "Utilities", "media_type": "Download", "name": "AVG TuneUp 2020 (1 Year Subscription) - 5 Devices", "price": "$24.59"}, {"type": "Utilities", "media_type": "Download", "name": "Piriform CCleaner Professional (1 Household / Unlimited PCs)", "price": null}, {"type": "Antivirus", "media_type": "Download", "name": "ESET NOD32 Antivirus 2019 (1 Year Subscription) - 3 PCs", "price": null}, {"type": "Internet Security", "media_type": "Product Key Card", "name": "AVG Ultimate 2020 (1 Year Subscription) - 3 Devices", "price": "$32.39"}, {"type": "Internet Security", "media_type": "Product Key Card", "name": "AVG Internet Security (1 Year Subscription) - 5 Devices", "price": "$34.29"}, {"type": "Office & Productivity", "media_type": "Download", "name": "Adobe Acrobat Pro 2017 for Mac", "price": "$448.50"}, {"type": "Backup", "media_type": "Download", "name": "Paragon Hard Disk Manager 15 Professional", "price": "$100.25"}, {"type": "Design & Illustration", "media_type": "Download", "name": "Adobe Photoshop & Premiere Elements 2019 - Mac", "price": null}, {"type": "Office & Productivity", "media_type": "Product Key Card", "name": "Parallels Desktop 14 Pro Edition (1 Year Subscription)", "price": "$100.99"}, {"type": "Audio & Video", "media_type": "CD/DVD", "name": "Corel VideoStudio Pro X8", "price": "$115.05"}, {"type": "Photography", "media_type": "Download", "name": "Corel PaintShop Pro X8", "price": "$111.91"}, {"type": "Internet Security", "media_type": "Download", "name": "ESET Smart Security Premium (1 Year Subscription)", "price": null}, {"type": "Internet Security", "media_type": "Product Key Card", "name": "AVG Ultimate 2019 (2 Year Subscription)", "price": null}, {"type": "Design & Illustration", "media_type": "Download", "name": "Adobe Photoshop Elements 2019 - Mac", "price": null}, {"type": "Audio & Video", "media_type": "Download", "name": "Cyberlink PowerDVD 15 Ultra", "price": "$135.75"}, {"type": "Design & Illustration", "media_type": "CD/DVD", "name": "Corel Painter Essentials 5", "price": null}, {"type": "Internet Security", "media_type": "Download", "name": "McAfee Internet Security 2019 (1 Year Subscription) - 3 Devices", "price": "$37.59"}, {"type": "Backup", "media_type": "Download", "name": "Laplink PCmover Express v11", "price": "$39.05"}, {"type": "Backup", "media_type": "Product Key Card", "name": "Acronis Acronis True Image 2019 - 5 PCs", "price": null}, {"type": "Audio & Video", "media_type": "Download", "name": "Cyberlink PowerDirector 17 Ultra", "price": "$86.29"}, {"type": "Design & Illustration", "media_type": "Download", "name": "Corel Painter Essentials 5", "price": null}, {"type": "Internet Security", "media_type": "Download", "name": "ESET Internet Security 2019  (1 Year Subscription) - 3 PCs", "price": null}, {"type": "Utilities", "media_type": "Download", "name": "Piriform  Piriform CCleaner Professional One (1 Household / Unlimited PCs - 5 Users)", "price": null}, {"type": "Utilities", "media_type": "Download", "name": "Laplink PCmover Home v11", "price": "$42.45"}, {"type": "Audio & Video", "media_type": "Download", "name": "Sony Movie Studio 13 Suite", "price": null}, {"type": "Backup", "media_type": "Download", "name": "Paragon Hard Disk Manager 15 Suite", "price": null}, {"type": "Audio & Video", "media_type": "Download", "name": "Corel Video Studio Pro X8", "price": null}, {"type": "Audio & Video", "media_type": "Download", "name": "Corel Video Studio Ultimate X8", "price": null}, {"type": "Audio & Video", "media_type": "CD/DVD", "name": "Pinnacle Studio 19 Plus", "price": null}, {"type": "Backup", "media_type": "Download", "name": "Laplink PCmover Professional v11", "price": "$44.65"}, {"type": "Backup", "media_type": "Product Key Card", "name": "Acronis True Image 2020 (1 Year Subscription) - 3 PCs", "price": "$77.89"}, {"type": "Backup", "media_type": "Download", "name": "Laplink PCmover Professional v11 (2 Uses)", "price": "$74.45"}, {"type": "Backup", "media_type": "Download", "name": "Acronis True Image 2020 (1 Year Subscription) - 5 PCs", "price": "$97.29"}, {"type": "Utilities", "media_type": "Download", "name": "Laplink SafeErase 8 (32-bit)", "price": "$22.85"}, {"type": "Backup", "media_type": "CD/DVD", "name": "Laplink PCmover Ultimate v11", "price": "$46.25"}, {"type": "Audio & Video", "media_type": "CD/DVD", "name": "Cyberlink PowerDirector 17 Ultra", "price": "$91.37"}, {"type": "Audio & Video", "media_type": "Product Key Card", "name": "Cyberlink Director Suite 365 (1 Year Subscription)", "price": "$118.39"}, {"type": "Internet Security", "media_type": "Download", "name": "ESET Multi-Device Security (1 Year Subscription) -  3 PCs", "price": "$67.69"}, {"type": "Photography", "media_type": "CD/DVD", "name": "Corel Paintshop Pro X8", "price": null}, {"type": "Office & Productivity", "media_type": "Product Key Card", "name": "Parallels Desktop 14 Standard (1 Year Subscription)", "price": "$73.99"}, {"type": "Utilities", "media_type": "Download", "name": "Piriform  CCleaner Professional (1 PC, 5 Users)", "price": null}, {"type": "Photography", "media_type": "Download", "name": "Corel PaintShop Pro 2018", "price": null}, {"type": "Audio & Video", "media_type": "Download", "name": "Cyberlink PowerDirector 14 Ultimate Suite", "price": null}, {"type": "Audio & Video", "media_type": "CD/DVD", "name": "Pinnacle Studio 19 Standard", "price": null}, {"type": "Internet Security", "media_type": "Product Key Card", "name": "ESET Internet Security 2019 (1 Year Subscription) - 5 PCs", "price": null}, {"type": "Backup", "media_type": "Product Key Card", "name": "Acronis True Image 2020 (1 Year Subscription) - 5 PCs", "price": "$106.69"}, {"type": "Utilities", "media_type": "Download", "name": "Laplink SafeErase 8", "price": "$32.45"}, {"type": "Photography", "media_type": "CD/DVD", "name": "Corel Paintshop Pro X8 Ultimate", "price": null}, {"type": "Backup", "media_type": "Product Key Card", "name": "Acronis True Image 2019 - 3 PCs", "price": null}, {"type": "Backup", "media_type": "Download", "name": "Acronis True Image 2020 (1 Year Subscription)", "price": null}, {"type": "Internet Security", "media_type": "Product Key Card", "name": "AVG Ultimate 2019 (1 Year Subscription)", "price": null}, {"type": "Audio & Video", "media_type": "Download", "name": "Cyberlink PowerDirector 14 Ultra", "price": null}, {"type": "Audio & Video", "media_type": "Download", "name": "Cyberlink PowerDirector 14 Ultimate", "price": null}, {"type": "Backup", "media_type": "Download", "name": "Paragon Backup & Recovery 15 Home - 3 PC", "price": null}, {"type": "Backup", "media_type": "Download", "name": "Paragon Backup & Recovery 15 Home", "price": null}, {"type": "Audio & Video", "media_type": "CD/DVD", "name": "Cyberlink PowerDirector 14 Ultra", "price": null}, {"type": "Internet Security", "media_type": "Product Key Card", "name": "ESET Internet Security 2019  (1 Year Subscription) - 3 PCs", "price": null}, {"type": "Backup", "media_type": "Download", "name": "Acronis True Image 2020 (1 Year Subscription) - 3 PCs", "price": "$82.99"}, {"type": "Backup", "media_type": "Download", "name": "Laplink PCmover Express v11 (2 Uses)", "price": "$52.35"}, {"type": "Audio & Video", "media_type": "Download", "name": "Cyberlink PowerDirector 14 Deluxe", "price": null}]