[{"channels": "7.1", "digital_audio": "24-bit", "snr": "124 dB", "sample_rate": "192 kHz", "chipset": "ASUS AV100", "interface": "PCIe x1", "name": "Asus Xonar Essence STX", "price": "$443.39"}, {"channels": "7.1", "digital_audio": "24-bit", "snr": "106 dB", "sample_rate": "192 kHz", "chipset": null, "interface": "PCIe x1", "name": "Creative Labs Sound Blaster Audigy Rx", "price": "$63.95"}, {"channels": "7.1", "digital_audio": "32-bit", "snr": "129 dB", "sample_rate": "384 kHz", "chipset": "Sound Core3D", "interface": "PCIe x1", "name": "Creative Labs Sound Blaster AE-9", "price": "$359.39"}, {"channels": "5.1", "digital_audio": "24-bit", "snr": "116 dB", "sample_rate": "192 kHz", "chipset": null, "interface": "PCIe x1", "name": "Creative Labs Sound Blaster Zx", "price": "$156.59"}, {"channels": "5.1", "digital_audio": null, "snr": "106 dB", "sample_rate": null, "chipset": null, "interface": "PCIe x1", "name": "Creative Labs 70SB157000000", "price": "$38.93"}, {"channels": "7.1", "digital_audio": "24-bit", "snr": "116 dB", "sample_rate": "192 kHz", "chipset": null, "interface": "PCIe x1", "name": "Asus STRIX SOAR", "price": "$116.29"}, {"channels": "5.1", "digital_audio": "24-bit", "snr": "116 dB", "sample_rate": "96 kHz", "chipset": null, "interface": "PCIe x1", "name": "Creative Labs Z PCIe", "price": "$83.35"}, {"channels": "2.0", "digital_audio": "32-bit", "snr": "127 dB", "sample_rate": "384 kHz", "chipset": "Sound Core3D", "interface": "PCIe x1", "name": "Creative Labs Sound Blaster AE-7", "price": "$234.44"}, {"channels": "5.1", "digital_audio": "24-bit", "snr": "123 dB", "sample_rate": "192 kHz", "chipset": null, "interface": "PCIe x1", "name": "EVGA NU", "price": "$146.79"}, {"channels": "5.1", "digital_audio": "24-bit", "snr": "120 dB", "sample_rate": "192 kHz", "chipset": null, "interface": "PCIe x1", "name": "Asus Xonar SE", "price": "$41.09"}, {"channels": "5.1", "digital_audio": null, "snr": "106 dB", "sample_rate": "192 kHz", "chipset": null, "interface": "PCIe x1", "name": "Creative Labs Sound Blaster Audigy Fx", "price": "$44.99"}, {"channels": "2.0", "digital_audio": "24-bit", "snr": "124 dB", "sample_rate": "192 kHz", "chipset": "ASUS AV100", "interface": "PCIe x1", "name": "Asus Essence STX II", "price": "$219.98"}, {"channels": "2.0", "digital_audio": null, "snr": null, "sample_rate": null, "chipset": null, "interface": "PCIe x1", "name": "Creative Labs Sound BlasterX AE-5", "price": "$162.80"}, {"channels": "7.1", "digital_audio": "24-bit", "snr": "116 dB", "sample_rate": "192 kHz", "chipset": null, "interface": "PCIe x1", "name": "Asus STRIX RAID PRO", "price": "$155.29"}, {"channels": "5.1", "digital_audio": "24-bit", "snr": "124 dB", "sample_rate": "192 kHz", "chipset": null, "interface": "PCIe x1", "name": "Creative Labs ZXR", "price": "$216.19"}, {"channels": "5.1", "digital_audio": "24-bit", "snr": "116 dB", "sample_rate": "192 kHz", "chipset": null, "interface": "PCIe x1", "name": "Creative Labs Sound Blaster Z 30SB150200000 OEM", "price": "$106.89"}, {"channels": "7.1", "digital_audio": "24-bit", "snr": "110 dB", "sample_rate": "192 kHz", "chipset": null, "interface": "PCIe x1", "name": "Asus Xonar AE", "price": "$93.56"}, {"channels": "7.1", "digital_audio": "24-bit", "snr": "100 dB", "sample_rate": "96 kHz", "chipset": null, "interface": "PCIe x1", "name": "Creative Labs SB X-Fi Xtreme Audio", "price": null}, {"channels": "7.1", "digital_audio": "24-bit", "snr": "124 dB", "sample_rate": "192 kHz", "chipset": "ASUS AV100", "interface": "PCIe x1", "name": "Asus Essence STX II 7.1", "price": null}, {"channels": "7.1", "digital_audio": "24-bit", "snr": "124 dB", "sample_rate": "192 kHz", "chipset": null, "interface": "PCIe x1", "name": "Asus STRIX RAID DLX", "price": "$164.30"}, {"channels": "5.1", "digital_audio": "24-bit", "snr": "105 dB", "sample_rate": "96 kHz", "chipset": "C-Media CMI8786", "interface": "PCIe x1", "name": "Asus Xonar DGX", "price": null}, {"channels": "7.1", "digital_audio": "24-bit", "snr": "116 dB", "sample_rate": "192 kHz", "chipset": "ASUS AV100", "interface": "PCIe x1", "name": "Asus Xonar DX", "price": null}, {"channels": "5.1", "digital_audio": "24-bit", "snr": "105 dB", "sample_rate": "96 kHz", "chipset": "C-Media CMI8786", "interface": "PCI", "name": "Asus Xonar DG", "price": null}, {"channels": "7.1", "digital_audio": "24-bit", "snr": null, "sample_rate": "192 kHz", "chipset": "C-Media CMI8788", "interface": "PCIe x1", "name": "HT Omega eClaro", "price": "$192.99"}, {"channels": "7.1", "digital_audio": "24-bit", "snr": "107 dB", "sample_rate": "192 kHz", "chipset": "ASUS AV66", "interface": "PCIe x1", "name": "Asus Xonar DSX", "price": null}, {"channels": "7.1", "digital_audio": null, "snr": "124 dB", "sample_rate": "192 kHz", "chipset": null, "interface": "PCIe x1", "name": "PowerColor DEVIL HDX 7.1", "price": null}, {"channels": "7.1", "digital_audio": "24-bit", "snr": "122 dB", "sample_rate": "96 kHz", "chipset": "X-Fi", "interface": "PCIe x1", "name": "Creative Labs Sound Blaster X-Fi Titanium HD", "price": null}, {"channels": "5.1", "digital_audio": "24-bit", "snr": "116 dB", "sample_rate": "192 kHz", "chipset": null, "interface": "PCIe x1", "name": "Creative Labs Sound Blaster Z 70SB150200000", "price": null}, {"channels": "7.1", "digital_audio": "24-bit", "snr": "118 dB", "sample_rate": "96 kHz", "chipset": "C-Media CMI8888DHT", "interface": "PCIe x1", "name": "Asus Xonar Phoebus", "price": null}, {"channels": "7.1", "digital_audio": "24-bit", "snr": "120 dB", "sample_rate": "192 kHz", "chipset": "C-Media CMI8788", "interface": "PCI", "name": "HT Omega CLARO II", "price": "$195.59"}, {"channels": "7.1", "digital_audio": "24-bit", "snr": "108 dB", "sample_rate": "96 kHz", "chipset": null, "interface": "PCI", "name": "Creative Labs Sound Blaster X-Fi Xtreme Audio", "price": null}, {"channels": "5.1", "digital_audio": "24-bit", "snr": "90 dB", "sample_rate": "96 kHz", "chipset": "VIA VT1723", "interface": "PCIe x1", "name": "SIIG IC-510111-S2", "price": "$82.48"}, {"channels": "7.1", "digital_audio": "24-bit", "snr": "100 dB", "sample_rate": "96 kHz", "chipset": null, "interface": "PCI", "name": "Creative Labs Audigy SE", "price": "$93.19"}, {"channels": "5.1", "digital_audio": "24-bit", "snr": null, "sample_rate": "192 kHz", "chipset": "Audigy2", "interface": "PCI", "name": "Creative Labs Sound Blaster Audigy2 ZS", "price": "$175.97"}, {"channels": "5.1", "digital_audio": "24-bit", "snr": "102 dB", "sample_rate": "96 kHz", "chipset": "Sound Core3D", "interface": "PCIe x1", "name": "Creative Labs Recon3D Fatal1ty Professional", "price": null}, {"channels": "5.1", "digital_audio": "24-bit", "snr": "102 dB", "sample_rate": "96 kHz", "chipset": "Sound Core3D", "interface": "PCIe x1", "name": "Creative Labs Recon3D PCIe", "price": null}, {"channels": "7.1", "digital_audio": "24-bit", "snr": "100 dB", "sample_rate": "96 kHz", "chipset": null, "interface": "PCIe x1", "name": "Creative Labs Sound Blaster X-Fi Xtreme Audio", "price": null}, {"channels": "5.1", "digital_audio": "24-bit", "snr": null, "sample_rate": null, "chipset": null, "interface": "PCIe x1", "name": "SIIG DP SoundWave", "price": "$112.65"}, {"channels": "7.1", "digital_audio": "24-bit", "snr": null, "sample_rate": "192 kHz", "chipset": "C-Media CMI8788", "interface": "PCI", "name": "HT Omega Claro Halo XT", "price": "$295.69"}, {"channels": "5.1", "digital_audio": "24-bit", "snr": "102 dB", "sample_rate": "96 kHz", "chipset": "Sound Core3D", "interface": "PCIe x1", "name": "Creative Labs Recon3D Fatal1ty Champion", "price": null}, {"channels": "7.1", "digital_audio": "24-bit", "snr": null, "sample_rate": "96 kHz", "chipset": "Audigy SE", "interface": "PCI", "name": "Creative Labs Audigy SE", "price": null}, {"channels": "7.1", "digital_audio": "24-bit", "snr": "109 dB", "sample_rate": "192 kHz", "chipset": null, "interface": "PCI", "name": "Creative Labs Sound Blaster X-Fi SB0670", "price": null}, {"channels": "7.1", "digital_audio": "24-bit", "snr": null, "sample_rate": "192 kHz", "chipset": null, "interface": "PCIe x1", "name": "Creative Labs AUDIGY RX", "price": null}, {"channels": "5.1", "digital_audio": "24-bit", "snr": "102 dB", "sample_rate": "96 kHz", "chipset": "Sound Core3D", "interface": "PCIe x1", "name": "Creative Labs 70SB135A00002", "price": null}, {"channels": "7.1", "digital_audio": "16-bit", "snr": null, "sample_rate": "96 kHz", "chipset": null, "interface": "PCI", "name": "Diamond XtremeSound XS71", "price": "$61.37"}, {"channels": "5.1", "digital_audio": "24-bit", "snr": null, "sample_rate": "48 kHz", "chipset": "C-Media CMI8738", "interface": "PCI", "name": "StarTech PCISOUND5CH", "price": null}, {"channels": "7.1", "digital_audio": "24-bit", "snr": "116 dB", "sample_rate": "192 kHz", "chipset": "ASUS AV100", "interface": "PCI", "name": "Asus Xonar D1", "price": null}, {"channels": "4.0", "digital_audio": "16-bit", "snr": null, "sample_rate": "48 kHz", "chipset": "C-Media CMI8738", "interface": "PCI", "name": "StarTech PCISOUND4LP", "price": "$61.99"}, {"channels": "7.1", "digital_audio": "24-bit", "snr": null, "sample_rate": "48 kHz", "chipset": null, "interface": "PCIe x1", "name": "Syba SD-PEX63034", "price": null}, {"channels": "7.1", "digital_audio": "24-bit", "snr": null, "sample_rate": "96 kHz", "chipset": "VIA VT1723", "interface": "PCI", "name": "Encore ENM232-8VIA", "price": null}, {"channels": "4.0", "digital_audio": "16-bit", "snr": null, "sample_rate": "48 kHz", "chipset": "C-Media CMI8738", "interface": "PCI", "name": "StarTech PCISOUND4CH", "price": "$66.09"}, {"channels": "7.1", "digital_audio": "24-bit", "snr": null, "sample_rate": "192 kHz", "chipset": null, "interface": "PCIe x1", "name": "HT Omega FENIX", "price": null}, {"channels": "5.1", "digital_audio": "16-bit", "snr": null, "sample_rate": "48 kHz", "chipset": null, "interface": "PCI", "name": "Diamond XtremeSound XS51", "price": "$75.58"}, {"channels": "7.1", "digital_audio": "24-bit", "snr": "124 dB", "sample_rate": "192 kHz", "chipset": "ASUS AV100", "interface": "PCI", "name": "Asus Xonar Essence", "price": null}, {"channels": "5.1", "digital_audio": "24-bit", "snr": null, "sample_rate": "48 kHz", "chipset": null, "interface": "PCI", "name": "Turtle Beach TBS-3429", "price": null}, {"channels": "7.1", "digital_audio": null, "snr": null, "sample_rate": "44.1 kHz", "chipset": null, "interface": "PCIe x1", "name": "Rosewill RC-703", "price": null}, {"channels": "7.1", "digital_audio": null, "snr": null, "sample_rate": null, "chipset": "C-Media CMI8770", "interface": "PCI", "name": "HT Omega STRIKER", "price": null}, {"channels": "5.1", "digital_audio": "24-bit", "snr": null, "sample_rate": "192 kHz", "chipset": "C-Media CMI8788", "interface": "PCI", "name": "HT Omega Claro Halo", "price": "$208.69"}, {"channels": "7.1", "digital_audio": "24-bit", "snr": "92 dB", "sample_rate": "96 kHz", "chipset": null, "interface": "PCI", "name": "SIIG IC-710012-S2", "price": null}, {"channels": "5.1", "digital_audio": "16-bit", "snr": "68 dB", "sample_rate": null, "chipset": null, "interface": "PCI", "name": "SIIG IC-510012-S2", "price": null}, {"channels": "7.1", "digital_audio": "16-bit", "snr": null, "sample_rate": "96 kHz", "chipset": "C-Media CMI8768", "interface": "PCI", "name": "Rosewill RC-702", "price": null}, {"channels": "7.1", "digital_audio": "24-bit", "snr": "107 dB", "sample_rate": "192 kHz", "chipset": "ASUS AV200", "interface": "PCI", "name": "Asus Xonar DS", "price": null}, {"channels": "4.0", "digital_audio": "24-bit", "snr": null, "sample_rate": "192 kHz", "chipset": null, "interface": "PCI", "name": "M-Audio Audiophile 192", "price": null}, {"channels": "5.1", "digital_audio": null, "snr": null, "sample_rate": null, "chipset": "C-Media CMI8738", "interface": "PCI", "name": "Rosewill RC-701", "price": null}, {"channels": "7.1", "digital_audio": null, "snr": null, "sample_rate": "48 kHz", "chipset": null, "interface": "PCI", "name": "Vantec UGT-S100", "price": null}, {"channels": "5.1", "digital_audio": "24-bit", "snr": null, "sample_rate": "96 kHz", "chipset": "VIA VT1723", "interface": "PCI", "name": "Encore ENM232-6VIA", "price": null}, {"channels": "5.1", "digital_audio": "16-bit", "snr": null, "sample_rate": null, "chipset": null, "interface": "PCI", "name": "PPA International 1431v", "price": null}, {"channels": "5.1", "digital_audio": "24-bit", "snr": "90 dB", "sample_rate": "96 kHz", "chipset": "VIA VT1723", "interface": "PCI", "name": "SIIG LP-000022-S2", "price": "$66.78"}, {"channels": "2.0", "digital_audio": "24-bit", "snr": "104 dB", "sample_rate": "96 kHz", "chipset": null, "interface": "PCI", "name": "M-Audio US41500C", "price": null}, {"channels": "7.1", "digital_audio": "24-bit", "snr": "107 dB", "sample_rate": "192 kHz", "chipset": "ASUS AV200", "interface": "PCI", "name": "Asus Xonar DS", "price": null}, {"channels": "7.1", "digital_audio": "24-bit", "snr": "124 dB", "sample_rate": "192 kHz", "chipset": "ASUS AV100", "interface": "PCI", "name": "Asus Xonar Essence ST", "price": null}]