[{"configuration": "2.0", "total_wattage": "0 W", "frequency_response": null, "color": null, "name": "Logitech Z200", "price": "$33.64"}, {"configuration": "5.1", "total_wattage": "280 W", "frequency_response": "35 Hz - 20 kHz", "color": null, "name": "Logitech THX Z-5300e", "price": "$1408.75"}, {"configuration": "2.0", "total_wattage": "120 W", "frequency_response": "68 Hz - 21 kHz", "color": "Black", "name": "Klipsch R-51PM", "price": "$421.87"}, {"configuration": "2.1", "total_wattage": "120 W", "frequency_response": "40 Hz - 18 kHz", "color": "Black", "name": "Logitech G560", "price": "$226.99"}, {"configuration": "2.1", "total_wattage": "40 W", "frequency_response": "55 Hz - 20 kHz", "color": null, "name": "Logitech Z333", "price": "$69.09"}, {"configuration": "5.1", "total_wattage": "500 W", "frequency_response": "35 Hz - 20 kHz", "color": null, "name": "Logitech Z906", "price": "$343.29"}, {"configuration": "2.0", "total_wattage": "0 W", "frequency_response": "20 Hz - 20 kHz", "color": "Black", "name": "Razer NOMMO CHROMA", "price": "$147.96"}, {"configuration": "2.1", "total_wattage": "200 W", "frequency_response": "35 Hz - 20 kHz", "color": null, "name": "Logitech Z623", "price": "$121.42"}, {"configuration": "2.1", "total_wattage": "7 W", "frequency_response": "65 Hz - 20 kHz", "color": null, "name": "Logitech Z213", "price": "$32.18"}, {"configuration": "5.1", "total_wattage": "60 W", "frequency_response": "180 Hz - 20 kHz", "color": null, "name": "Razer Leviathan", "price": "$225.29"}, {"configuration": "2.0", "total_wattage": "100 W", "frequency_response": "50 Hz - 22 kHz", "color": null, "name": "Audioengine A5+ Black", "price": "$478.20"}, {"configuration": "2.0", "total_wattage": "0 W", "frequency_response": null, "color": null, "name": "Bose Companion 2 Series III", "price": "$116.50"}, {"configuration": "2.0", "total_wattage": "2.3 W", "frequency_response": "50 Hz - 20 kHz", "color": null, "name": "Logitech S120", "price": "$15.79"}, {"configuration": "2.1", "total_wattage": "0 W", "frequency_response": "35 Hz - 20 kHz", "color": "Black", "name": "Razer NOMMO PRO", "price": "$548.79"}, {"configuration": "2.1", "total_wattage": "25 W", "frequency_response": "48 Hz - 20 kHz", "color": null, "name": "Logitech Z313", "price": "$35.28"}, {"configuration": "2.1", "total_wattage": "30 W", "frequency_response": "55 Hz - 20 kHz", "color": null, "name": "Logitech Z323", "price": "$46.34"}, {"configuration": "2.0", "total_wattage": "4.4 W", "frequency_response": "100 Hz - 17 kHz", "color": "Black", "name": "Creative Labs Pebble 2.0", "price": "$31.39"}, {"configuration": "5.1", "total_wattage": "155 W", "frequency_response": "45 Hz - 20 kHz", "color": null, "name": "Logitech Z506", "price": null}, {"configuration": "2.1", "total_wattage": "0 W", "frequency_response": null, "color": null, "name": "Creative Labs Sound BlasterX Katana", "price": "$241.51"}, {"configuration": "2.0", "total_wattage": "3 W", "frequency_response": "260 Hz - 20 kHz", "color": null, "name": "Cyber Acoustics CA-2016WB", "price": "$9.39"}, {"configuration": "2.1", "total_wattage": "120 W", "frequency_response": "31 Hz - 20 kHz", "color": null, "name": "Klipsch ProMedia 2.1", "price": "$223.98"}, {"configuration": "2.0", "total_wattage": "360 W", "frequency_response": "37 Hz - 22 kHz", "color": null, "name": "KRK VXT 8", "price": null}, {"configuration": "2.0", "total_wattage": "0.01 W", "frequency_response": null, "color": "Black", "name": "Logitech Z207 (Black)", "price": "$47.82"}, {"configuration": "2.0", "total_wattage": "120 W", "frequency_response": "38 Hz - 30 kHz", "color": null, "name": "Yamaha HS8", "price": "$803.38"}, {"configuration": "2.0", "total_wattage": "4.4 W", "frequency_response": "100 Hz - 17 kHz", "color": "White", "name": "Creative Labs Pebble 2.0", "price": "$28.29"}, {"configuration": "2.0", "total_wattage": "28 W", "frequency_response": "50 Hz - 20 kHz", "color": null, "name": "Creative Labs GigaWorks T20 Series II", "price": "$77.77"}, {"configuration": "2.0", "total_wattage": "0 W", "frequency_response": null, "color": null, "name": "Logitech Z150", "price": "$24.59"}, {"configuration": "2.1", "total_wattage": "40 W", "frequency_response": null, "color": null, "name": "Logitech Z337 w/BlueTooth", "price": "$83.40"}, {"configuration": "2.0", "total_wattage": "100 W", "frequency_response": "50 Hz - 22 kHz", "color": null, "name": "Audioengine A5+ Bamboo", "price": "$483.20"}, {"configuration": "5.1", "total_wattage": "70 W", "frequency_response": "40 Hz - 20 kHz", "color": null, "name": "Logitech X-540", "price": "$545.69"}, {"configuration": "2.0", "total_wattage": "100 W", "frequency_response": "50 Hz - 22 kHz", "color": null, "name": "Audioengine A5+ White", "price": "$467.00"}, {"configuration": "2.1", "total_wattage": "10 W", "frequency_response": "160 Hz - 20 kHz", "color": null, "name": "Cyber Acoustics CA-3090", "price": "$23.85"}, {"configuration": "2.1", "total_wattage": "200 W", "frequency_response": null, "color": null, "name": "Logitech Z625", "price": "$133.29"}, {"configuration": "2.0", "total_wattage": "5 W", "frequency_response": "140 Hz - 18 kHz", "color": null, "name": "Logitech Z130", "price": "$30.49"}, {"configuration": "2.1", "total_wattage": "60 W", "frequency_response": "55 Hz - 20 kHz", "color": null, "name": "Logitech Z533", "price": "$85.78"}, {"configuration": "2.0", "total_wattage": "66 W", "frequency_response": "60 Hz - 20 kHz", "color": "Black / Brown", "name": "Edifier R1700BT", "price": "$154.89"}, {"configuration": "2.0", "total_wattage": "60 W", "frequency_response": "65 Hz - 22 kHz", "color": null, "name": "Audioengine A2+B", "price": "$316.60"}, {"configuration": "2.0", "total_wattage": "10 W", "frequency_response": "80 Hz - 20 kHz", "color": null, "name": "Creative Labs Inspire T10", "price": "$44.09"}, {"configuration": "2.0", "total_wattage": "0 W", "frequency_response": null, "color": null, "name": "Bose Companion 20", "price": "$290.00"}, {"configuration": "1.0", "total_wattage": "120 W", "frequency_response": "38 Hz - 30 kHz", "color": null, "name": "Yamaha HS8 W", "price": "$350.09"}, {"configuration": "2.1", "total_wattage": "30 W", "frequency_response": "50 Hz - 20 kHz", "color": null, "name": "Cyber Acoustics CA-3602", "price": "$43.85"}, {"configuration": "2.0", "total_wattage": "2.2 W", "frequency_response": "103 Hz - 20 kHz", "color": "Black", "name": "AmazonBasics U213", "price": "$17.29"}, {"configuration": "2.0", "total_wattage": "0 W", "frequency_response": null, "color": null, "name": "Logitech Z120", "price": "$36.62"}, {"configuration": "2.1", "total_wattage": "40 W", "frequency_response": "44 Hz - 20 kHz", "color": null, "name": "Harman Kardon SoundSticks Wireless", "price": "$278.95"}, {"configuration": "2.1", "total_wattage": "0 W", "frequency_response": null, "color": null, "name": "Creative Labs Sound BlasterX Kratos S5", "price": "$134.09"}, {"configuration": "2.0", "total_wattage": "50 W", "frequency_response": "80 Hz - 20 kHz", "color": "White / Black", "name": "Kanto YU2GW", "price": "$228.39"}, {"configuration": "2.1", "total_wattage": "232 W", "frequency_response": "35 Hz - 20 kHz", "color": null, "name": "Corsair Gaming Audio Series SP2500", "price": null}, {"configuration": "5.1", "total_wattage": "57 W", "frequency_response": "50 Hz - 20 kHz", "color": "Black", "name": "Creative Labs Inspire T6300", "price": "$128.88"}, {"configuration": "2.0", "total_wattage": "1.2 W", "frequency_response": "90 Hz - 20 kHz", "color": null, "name": "Logitech S-150", "price": "$21.45"}, {"configuration": "1.0", "total_wattage": "50 W", "frequency_response": "45 Hz - 20 kHz", "color": "Black", "name": "Mackie MR524", "price": "$187.69"}, {"configuration": "2.1", "total_wattage": "40 W", "frequency_response": "44 Hz - 20 kHz", "color": null, "name": "Harman Kardon SoundSticks III", "price": "$207.75"}, {"configuration": "2.0", "total_wattage": "0.01 W", "frequency_response": null, "color": "White", "name": "Logitech Z207 (White)", "price": null}, {"configuration": "2.0", "total_wattage": "32 W", "frequency_response": "50 Hz - 20 kHz", "color": null, "name": "Creative Labs GigaWorks T40 Series II", "price": "$107.64"}, {"configuration": "2.0", "total_wattage": "50 W", "frequency_response": "70 Hz - 20 kHz", "color": null, "name": "PreSonus Eris E4.5", "price": "$218.15"}, {"configuration": "1.0", "total_wattage": "70 W", "frequency_response": "54 Hz - 30 kHz", "color": null, "name": "Yamaha HS5", "price": "$210.89"}, {"configuration": "2.0", "total_wattage": "60 W", "frequency_response": "65 Hz - 22 kHz", "color": null, "name": "Audioengine A2+R", "price": "$219.90"}, {"configuration": "2.1", "total_wattage": "9 W", "frequency_response": "40 Hz - 20 kHz", "color": null, "name": "Creative Labs A250", "price": "$69.63"}, {"configuration": "2.0", "total_wattage": "50 W", "frequency_response": "80 Hz - 20 kHz", "color": null, "name": "Mackie CR3", "price": null}, {"configuration": "2.0", "total_wattage": "50 W", "frequency_response": "50 Hz - 22 kHz", "color": null, "name": "Audioengine A5+N", "price": null}, {"configuration": "2.0", "total_wattage": "150 W", "frequency_response": "60 Hz - 20 kHz", "color": null, "name": "Micca MB42X", "price": "$95.65"}, {"configuration": "2.0", "total_wattage": "0 W", "frequency_response": "50 Hz - 20 kHz", "color": "Black", "name": "Razer Nommo", "price": null}, {"configuration": "2.1", "total_wattage": "14 W", "frequency_response": "38 Hz - 18 kHz", "color": null, "name": "Cyber Acoustics CA3001WB", "price": "$21.98"}, {"configuration": "2.0", "total_wattage": "60 W", "frequency_response": "65 Hz - 22 kHz", "color": null, "name": "Audioengine A2+W", "price": null}, {"configuration": "2.1", "total_wattage": "0 W", "frequency_response": null, "color": "Black / Gray", "name": "Bose Companion 5", "price": null}, {"configuration": "2.0", "total_wattage": "50 W", "frequency_response": "80 Hz - 20 kHz", "color": "Black", "name": "Kanto YU2MB", "price": "$245.89"}, {"configuration": "2.0", "total_wattage": "180 W", "frequency_response": "49 Hz - 22 kHz", "color": null, "name": "KRK VXT 6", "price": "$307.90"}, {"configuration": "2.0", "total_wattage": "50 W", "frequency_response": "80 Hz - 20 kHz", "color": "White / Black", "name": "Kanto YU2MW", "price": "$235.09"}, {"configuration": "2.0", "total_wattage": "4 W", "frequency_response": "85 Hz - 18 kHz", "color": null, "name": "Cyber Acoustics CA-2014rb", "price": "$21.49"}, {"configuration": "5.1", "total_wattage": "550 W", "frequency_response": "28 Hz - 50 kHz", "color": null, "name": "Yamaha NS-SP1800", "price": null}, {"configuration": "1.0", "total_wattage": "70 W", "frequency_response": "54 Hz - 30 kHz", "color": null, "name": "Yamaha HS5 W", "price": "$200.09"}, {"configuration": "2.0", "total_wattage": "4 W", "frequency_response": "150 Hz - 20 kHz", "color": null, "name": "Edifier R19U", "price": "$48.69"}, {"configuration": "2.0", "total_wattage": "82 W", "frequency_response": "43 Hz - 24 kHz", "color": null, "name": "JBL LSR305", "price": null}, {"configuration": "2.1", "total_wattage": "40 W", "frequency_response": "55 Hz - 17 kHz", "color": null, "name": "Logitech Z553", "price": "$457.29"}, {"configuration": "2.1", "total_wattage": "0 W", "frequency_response": null, "color": null, "name": "Creative Labs Sound BlasterX Kratos S3", "price": "$86.21"}, {"configuration": "2.1", "total_wattage": "0 W", "frequency_response": "100 Hz - 20 kHz", "color": null, "name": "HiVi M10", "price": "$139.30"}, {"configuration": "2.0", "total_wattage": "28 W", "frequency_response": "60 Hz - 20 kHz", "color": null, "name": "Mackie CR4", "price": null}, {"configuration": "2.1", "total_wattage": "40 W", "frequency_response": "48 Hz - 20 kHz", "color": null, "name": "Logitech Z523", "price": "$116.95"}, {"configuration": "2.0", "total_wattage": "70 W", "frequency_response": "80 Hz - 20 kHz", "color": "Black", "name": "JBL C2PS", "price": "$240.45"}, {"configuration": "2.0", "total_wattage": "4.6 W", "frequency_response": "68 Hz - 20 kHz", "color": "Black", "name": "AmazonBasics V216US", "price": "$24.78"}, {"configuration": "2.0", "total_wattage": "20 W", "frequency_response": "55 Hz - 20 kHz", "color": "White / Brown", "name": "Edifier S880DB", "price": "$351.59"}, {"configuration": "2.0", "total_wattage": "150 W", "frequency_response": "60 Hz - 20 kHz", "color": null, "name": "Micca MB42", "price": "$64.25"}, {"configuration": "2.0", "total_wattage": "24 W", "frequency_response": "20 Hz - 20 kHz", "color": null, "name": "Trust Asto Soundbar", "price": null}, {"configuration": "2.0", "total_wattage": "4 W", "frequency_response": "90 Hz - 20 kHz", "color": null, "name": "Creative Labs A60", "price": null}, {"configuration": "2.0", "total_wattage": "10 W", "frequency_response": "70 Hz - 20 kHz", "color": null, "name": "Logitech Z320", "price": "$300.60"}, {"configuration": "5.1", "total_wattage": "505 W", "frequency_response": "33 Hz - 20 kHz", "color": null, "name": "Logitech Z-5500", "price": null}, {"configuration": "2.1", "total_wattage": "14 W", "frequency_response": "38 Hz - 18 kHz", "color": null, "name": "Cyber Acoustics CA3001RB", "price": "$33.90"}, {"configuration": "2.1", "total_wattage": "114 W", "frequency_response": "38 Hz - 20 kHz", "color": "Brown / Black", "name": "Swan Speakers M50W", "price": "$339.80"}, {"configuration": "2.1", "total_wattage": "45 W", "frequency_response": "25 Hz - 20 kHz", "color": "Black / Blue", "name": "Genius G2.1 2000", "price": null}, {"configuration": "2.0", "total_wattage": "100 W", "frequency_response": "90 Hz - 20 kHz", "color": null, "name": "Micca COVO-S", "price": "$48.69"}, {"configuration": "2.1", "total_wattage": "38 W", "frequency_response": "58 Hz - 20 kHz", "color": null, "name": "Genius SW-G2.1 1250", "price": "$93.59"}, {"configuration": "2.1", "total_wattage": "7 W", "frequency_response": "40 Hz - 20 kHz", "color": null, "name": "Logitech LS21", "price": "$104.63"}, {"configuration": "2.0", "total_wattage": "2 W", "frequency_response": "90 Hz - 20 kHz", "color": null, "name": "Lenovo M0520", "price": "$31.23"}, {"configuration": "1.0", "total_wattage": "95 W", "frequency_response": "43 Hz - 30 kHz", "color": null, "name": "Yamaha HS7 W", "price": "$325.72"}, {"configuration": "2.0", "total_wattage": "20 W", "frequency_response": "80 Hz - 20 kHz", "color": null, "name": "Genius SP-HF800A", "price": "$57.00"}, {"configuration": "2.1", "total_wattage": "27 W", "frequency_response": "40 Hz - 20 kHz", "color": null, "name": "Creative Labs Inspire T3300", "price": null}, {"configuration": "2.0", "total_wattage": "90 W", "frequency_response": "52 Hz - 20 kHz", "color": null, "name": "KRK RP5 G2", "price": null}, {"configuration": "2.0", "total_wattage": "74 W", "frequency_response": "30 Hz - 20 kHz", "color": "Black", "name": "Edifier Luna Eclipse E25", "price": null}, {"configuration": "2.0", "total_wattage": "6 W", "frequency_response": "270 Hz - 18 kHz", "color": null, "name": "Cyber Acoustics CA-2002", "price": "$28.79"}, {"configuration": "2.0", "total_wattage": "1.5 W", "frequency_response": "85 Hz - 18 kHz", "color": null, "name": "Cyber Acoustics CA-2014WB", "price": "$25.66"}, {"configuration": "2.0", "total_wattage": "95 W", "frequency_response": "43 Hz - 30 kHz", "color": null, "name": "Yamaha HS7", "price": null}, {"configuration": "2.0", "total_wattage": "60 W", "frequency_response": "65 Hz - 22 kHz", "color": null, "name": "Audioengine A2 (Black)", "price": null}, {"configuration": "1.0", "total_wattage": "20 W", "frequency_response": null, "color": null, "name": "Sony BSP10", "price": "$71.05"}, {"configuration": "2.1", "total_wattage": "0 W", "frequency_response": null, "color": null, "name": "Creative Labs T3250", "price": "$52.47"}, {"configuration": "2.0", "total_wattage": "14 W", "frequency_response": "50 Hz - 20 kHz", "color": null, "name": "Creative Labs T30", "price": "$83.04"}, {"configuration": "5.1", "total_wattage": "70.1 W", "frequency_response": "40 Hz - 20 kHz", "color": null, "name": "Logitech X-530", "price": null}, {"configuration": "5.1", "total_wattage": "280 W", "frequency_response": "20 Hz - 20 kHz", "color": null, "name": "Edifier S550", "price": null}, {"configuration": "2.0", "total_wattage": "1.5 W", "frequency_response": "85 Hz - 18 kHz", "color": null, "name": "Cyber Acoustics CA-2012RB", "price": "$20.00"}, {"configuration": "1.0", "total_wattage": "85 W", "frequency_response": "35 Hz - 20 kHz", "color": "Black", "name": "Mackie MR824", "price": "$284.99"}, {"configuration": "2.0", "total_wattage": "1 W", "frequency_response": "230 Hz - 20 kHz", "color": null, "name": "Gigabyte GP-S4600", "price": null}, {"configuration": "2.0", "total_wattage": "0 W", "frequency_response": null, "color": null, "name": "Insignia NS-PCS20", "price": "$49.02"}, {"configuration": "2.0", "total_wattage": "16 W", "frequency_response": "80 Hz - 20 kHz", "color": null, "name": "Behringer MS16", "price": "$94.19"}, {"configuration": "2.0", "total_wattage": "0 W", "frequency_response": null, "color": null, "name": "Logitech Z150", "price": "$137.69"}, {"configuration": "2.1", "total_wattage": "28 W", "frequency_response": "45 Hz - 18 kHz", "color": "Black", "name": "Altec Lansing VS4621", "price": "$114.29"}, {"configuration": "2.0", "total_wattage": "70 W", "frequency_response": "45 Hz - 22 kHz", "color": "Black", "name": "IK Multimedia IP-ILOUD-MM-IN", "price": "$321.09"}, {"configuration": "1.0", "total_wattage": "65 W", "frequency_response": "38 Hz - 20 kHz", "color": "Black", "name": "Mackie MR624", "price": "$304.59"}, {"configuration": "2.0", "total_wattage": "4 W", "frequency_response": "80 Hz - 18 kHz", "color": null, "name": "Logitech X-140", "price": null}, {"configuration": "2.0", "total_wattage": "120 W", "frequency_response": "53 Hz - 20 kHz", "color": "Brown / Black", "name": "Swan Speakers M200MkIII", "price": null}, {"configuration": "2.0", "total_wattage": "50 W", "frequency_response": "80 Hz - 20 kHz", "color": "Red / Black", "name": "Kanto YU2GR", "price": "$238.79"}, {"configuration": "2.0", "total_wattage": "3 W", "frequency_response": "70 Hz - 20 kHz", "color": null, "name": "Logitech LS11", "price": "$59.39"}, {"configuration": "2.0", "total_wattage": "50 W", "frequency_response": "80 Hz - 20 kHz", "color": "Silver / Black", "name": "Kanto YU2MG", "price": "$255.29"}, {"configuration": "5.1", "total_wattage": "50 W", "frequency_response": "40 Hz - 20 kHz", "color": null, "name": "Creative Labs Inspire T6160", "price": null}, {"configuration": "2.1", "total_wattage": "32 W", "frequency_response": "40 Hz - 20 kHz", "color": null, "name": "Logitech X-230", "price": null}, {"configuration": "2.0", "total_wattage": "50 W", "frequency_response": "80 Hz - 20 kHz", "color": "Black", "name": "Kanto YU2GB", "price": "$245.15"}, {"configuration": "2.0", "total_wattage": "3 W", "frequency_response": "200 Hz - 20 kHz", "color": null, "name": "Gear Head SP2000UBLU", "price": "$24.14"}, {"configuration": "1.0", "total_wattage": "100 W", "frequency_response": "52 Hz - 35 kHz", "color": "Black / Red", "name": "M-Audio BX5 D3 Crimson", "price": null}, {"configuration": "2.0", "total_wattage": "100 W", "frequency_response": "48 Hz - 20 kHz", "color": null, "name": "KRK RP6 G2", "price": null}, {"configuration": "2.1", "total_wattage": "22 W", "frequency_response": null, "color": null, "name": "Cyber Acoustics Curve Storm", "price": "$49.59"}, {"configuration": "2.1", "total_wattage": "70 W", "frequency_response": "35 Hz - 20 kHz", "color": null, "name": "Genius SW-G2.1", "price": null}, {"configuration": "1.0", "total_wattage": "150 W", "frequency_response": "37 Hz - 22 kHz", "color": "Black", "name": "M-Audio BX8 D3", "price": null}, {"configuration": "2.0", "total_wattage": "0 W", "frequency_response": "70 Hz - 20 kHz", "color": "Black / Red", "name": "JBL Pebbles", "price": null}, {"configuration": "2.0", "total_wattage": "6 W", "frequency_response": "150 Hz - 20 kHz", "color": null, "name": "Razer Ferox", "price": null}, {"configuration": "2.0", "total_wattage": "18 W", "frequency_response": "20 Hz - 20 kHz", "color": null, "name": "Creative Labs T12", "price": null}, {"configuration": "2.1", "total_wattage": "200 W", "frequency_response": null, "color": null, "name": "Logitech Z-2300", "price": null}, {"configuration": "2.0", "total_wattage": "5 W", "frequency_response": null, "color": null, "name": "Cyber Acoustics CA-2027", "price": "$29.39"}, {"configuration": "2.0", "total_wattage": "50 W", "frequency_response": "80 Hz - 20 kHz", "color": "Brown / Black", "name": "Kanto YU2Bamboo", "price": "$248.19"}, {"configuration": "1.0", "total_wattage": "220 W", "frequency_response": "38 Hz - 22 kHz", "color": "Black", "name": "M-Audio M3-8 (black)", "price": null}, {"configuration": "2.1", "total_wattage": "40 W", "frequency_response": "50 Hz - 18 kHz", "color": null, "name": "Microlab SP-FC20BK", "price": null}, {"configuration": "2.1", "total_wattage": "0 W", "frequency_response": null, "color": null, "name": "Altec Lansing BX1521", "price": null}, {"configuration": "2.0", "total_wattage": "100 W", "frequency_response": "50 Hz - 20 kHz", "color": null, "name": "Fluance SX6-BK", "price": "$178.59"}, {"configuration": "1.0", "total_wattage": "120 W", "frequency_response": "40 Hz - 180 Hz", "color": "Black", "name": "Mackie MRS10", "price": null}, {"configuration": "2.1", "total_wattage": "68 W", "frequency_response": "22 Hz - 20 kHz", "color": null, "name": "Cyber Acoustics CA3550RB", "price": null}, {"configuration": "5.1", "total_wattage": "0 W", "frequency_response": null, "color": null, "name": "Creative Labs A550", "price": null}, {"configuration": "2.0", "total_wattage": "50 W", "frequency_response": "80 Hz - 20 kHz", "color": "Blue / Black", "name": "Kanto YU2GT", "price": "$263.69"}, {"configuration": "2.1", "total_wattage": "17 W", "frequency_response": null, "color": null, "name": "Logitech S-220", "price": null}, {"configuration": "2.0", "total_wattage": "3.4 W", "frequency_response": "280 Hz - 16 kHz", "color": null, "name": "Syba CL-SPK20069", "price": null}, {"configuration": "2.0", "total_wattage": "1 W", "frequency_response": "200 Hz - 20 kHz", "color": null, "name": "Genius SP-S110", "price": null}, {"configuration": "2.0", "total_wattage": "0 W", "frequency_response": "200 Hz - 18 kHz", "color": null, "name": "Genius SP-U115", "price": null}, {"configuration": "2.0", "total_wattage": "112 W", "frequency_response": "35 Hz - 20 kHz", "color": null, "name": "Harman Kardon GLA-55", "price": null}, {"configuration": "2.0", "total_wattage": "140 W", "frequency_response": "56 Hz - 22 kHz", "color": null, "name": "M-Audio BX5 D2", "price": null}, {"configuration": "2.0", "total_wattage": "260 W", "frequency_response": "30 Hz - 22 kHz", "color": null, "name": "M-Audio BX8 D2", "price": null}, {"configuration": "2.0", "total_wattage": "30 W", "frequency_response": "50 Hz - 20 kHz", "color": null, "name": "Genius 31730027102", "price": null}, {"configuration": "2.0", "total_wattage": "0 W", "frequency_response": "60 Hz - 20 kHz", "color": null, "name": "Rosewill SP-7260", "price": null}, {"configuration": "2.0", "total_wattage": "3 W", "frequency_response": null, "color": null, "name": "Cyber Acoustics Curve Sonic", "price": "$28.08"}, {"configuration": "2.0", "total_wattage": "80 W", "frequency_response": "65 Hz - 20 kHz", "color": null, "name": "Pioneer SP-BS21-LR", "price": null}, {"configuration": "2.0", "total_wattage": "1 W", "frequency_response": null, "color": null, "name": "V7 SP2000-USB-1NC", "price": "$117.85"}, {"configuration": "2.0", "total_wattage": "130 W", "frequency_response": "46 Hz - 20 kHz", "color": null, "name": "Mackie MR6mk3", "price": null}, {"configuration": "2.0", "total_wattage": "40 W", "frequency_response": "75 Hz - 20 kHz", "color": null, "name": "M-Audio AV42", "price": null}, {"configuration": "2.0", "total_wattage": "30 W", "frequency_response": "65 Hz - 22 kHz", "color": null, "name": "Audioengine A2 (White)", "price": null}, {"configuration": "2.0", "total_wattage": "20 W", "frequency_response": "90 Hz - 20 kHz", "color": null, "name": "M-Audio Studiophile AV30", "price": null}, {"configuration": "2.0", "total_wattage": "40 W", "frequency_response": "85 Hz - 20 kHz", "color": null, "name": "M-Audio Studiophile AV40", "price": null}, {"configuration": "2.1", "total_wattage": "25 W", "frequency_response": "40 Hz - 20 kHz", "color": null, "name": "Creative Labs Inspire T3130", "price": null}, {"configuration": "2.1", "total_wattage": "9 W", "frequency_response": "40 Hz - 20 kHz", "color": null, "name": "Creative Labs A220", "price": null}, {"configuration": "2.1", "total_wattage": "33 W", "frequency_response": "40 Hz - 20 kHz", "color": null, "name": "Creative Labs Inspire S2", "price": null}, {"configuration": "2.0", "total_wattage": "0 W", "frequency_response": null, "color": null, "name": "Altec Lansing VS3030", "price": null}, {"configuration": "1.0", "total_wattage": "100 W", "frequency_response": "45 Hz - 22 kHz", "color": "Black / Silver", "name": "M-Audio BX6 CARBON", "price": null}, {"configuration": "2.1", "total_wattage": "77 W", "frequency_response": "35 Hz - 20 kHz", "color": null, "name": "Avermedia GS315-DM", "price": null}, {"configuration": "2.0", "total_wattage": "170 W", "frequency_response": "38 Hz - 20 kHz", "color": null, "name": "Mackie MR8mk3", "price": null}, {"configuration": "2.0", "total_wattage": "20 W", "frequency_response": "80 Hz - 20 kHz", "color": null, "name": "M-Audio AV32", "price": null}, {"configuration": "2.1", "total_wattage": "29 W", "frequency_response": "40 Hz - 20 kHz", "color": null, "name": "Creative Labs Inspire T3100", "price": null}, {"configuration": "2.0", "total_wattage": "70 W", "frequency_response": "80 Hz - 20 kHz", "color": "Black / Brown", "name": "Klipsch Reference R-14PM", "price": null}, {"configuration": "2.1", "total_wattage": "12 W", "frequency_response": "20 Hz - 20 kHz", "color": null, "name": "Lenovo M1730", "price": null}, {"configuration": "2.0", "total_wattage": "4 W", "frequency_response": "100 Hz - 20 kHz", "color": null, "name": "Gigabyte GP-S2000", "price": null}, {"configuration": "2.0", "total_wattage": "6 W", "frequency_response": "150 Hz - 20 kHz", "color": null, "name": "Syba CL-SPK20097", "price": null}, {"configuration": "2.0", "total_wattage": "6 W", "frequency_response": null, "color": null, "name": "Altec Lansing BX1520", "price": null}, {"configuration": "5.1", "total_wattage": "40 W", "frequency_response": "70 Hz - 20 kHz", "color": null, "name": "Cyber Acoustics CA-5402", "price": null}, {"configuration": "2.0", "total_wattage": "140 W", "frequency_response": "44 Hz - 20 kHz", "color": null, "name": "KRK RP8 G2", "price": null}, {"configuration": "2.0", "total_wattage": "40 W", "frequency_response": "50 Hz - 20 kHz", "color": null, "name": "Creative Labs T50", "price": null}, {"configuration": "1.0", "total_wattage": "100 W", "frequency_response": "52 Hz - 35 kHz", "color": "Black", "name": "M-Audio BX5 D3", "price": null}, {"configuration": "1.0", "total_wattage": "130 W", "frequency_response": "38 Hz - 22 kHz", "color": "Black / Silver", "name": "M-Audio BX8 CARBON", "price": null}, {"configuration": "2.0", "total_wattage": "3 W", "frequency_response": "200 Hz - 20 kHz", "color": null, "name": "Gear Head SP2000URED", "price": null}, {"configuration": "2.0", "total_wattage": "100 W", "frequency_response": "57 Hz - 20 kHz", "color": null, "name": "Mackie MR5mk3", "price": null}, {"configuration": "2.0", "total_wattage": "3 W", "frequency_response": "200 Hz - 20 kHz", "color": null, "name": "Gear Head SP2000USLV", "price": null}, {"configuration": "2.0", "total_wattage": "140 W", "frequency_response": "50 Hz - 20 kHz", "color": null, "name": "JBL LSR4328P/PAK", "price": null}, {"configuration": "2.1", "total_wattage": "80 W", "frequency_response": "30 Hz - 20 kHz", "color": null, "name": "Creative Labs GigaWorks T3", "price": null}, {"configuration": "2.0", "total_wattage": "6 W", "frequency_response": "150 Hz - 20 kHz", "color": null, "name": "Syba CL-SPK20115", "price": null}, {"configuration": "2.0", "total_wattage": "4 W", "frequency_response": null, "color": null, "name": "Cyber Acoustics CA-2014RB-ML", "price": null}, {"configuration": "2.1", "total_wattage": "40 W", "frequency_response": "50 Hz - 18 kHz", "color": null, "name": "Microlab SP-FC20WH", "price": null}, {"configuration": "2.0", "total_wattage": "4 W", "frequency_response": "220 Hz - 20 kHz", "color": null, "name": "Cyber Acoustics CA-2011WB", "price": null}, {"configuration": "2.0", "total_wattage": "5.8 W", "frequency_response": "35 Hz - 18 kHz", "color": null, "name": "Cyber Acoustics CA-2100WB", "price": null}, {"configuration": "2.0", "total_wattage": "100 W", "frequency_response": "50 Hz - 22 kHz", "color": null, "name": "Audioengine A5", "price": null}, {"configuration": "2.0", "total_wattage": "90 W", "frequency_response": "66 Hz - 22 kHz", "color": null, "name": "KRK VXT4", "price": null}, {"configuration": "2.0", "total_wattage": "10 W", "frequency_response": "120 Hz - 20 kHz", "color": null, "name": "M-Audio Studiophile AV20", "price": null}, {"configuration": "2.0", "total_wattage": "50 W", "frequency_response": "20 Hz - 20 kHz", "color": null, "name": "Genius SP-HF1800A", "price": null}, {"configuration": "2.1", "total_wattage": "64 W", "frequency_response": "35 Hz - 20 kHz", "color": null, "name": "Microlab FC 330", "price": null}, {"configuration": "2.1", "total_wattage": "77 W", "frequency_response": "35 Hz - 20 kHz", "color": null, "name": "Avermedia GS315", "price": null}]