[{"amount": "3.5 g", "name": "Arctic Silver 5 High-Density Polysynthetic Silver", "price": "$11.15"}, {"amount": "1 g", "name": "Thermal Grizzly Kryonaut 1g", "price": "$16.15"}, {"amount": "5.5 g", "name": "Thermal Grizzly Kryonaut", "price": "$28.47"}, {"amount": "4 g", "name": "ARCTIC MX-4 2019 Edition", "price": "$13.88"}, {"amount": "600 g", "name": "Prolimatech PK-Zero", "price": "$110.39"}, {"amount": "3.5 g", "name": "Noctua NT-H1", "price": "$17.30"}, {"amount": "1 g", "name": "Thermal Grizzly Conductonaut", "price": null}, {"amount": "4 g", "name": "ARCTIC MX4", "price": "$8.59"}, {"amount": "3.5 g", "name": "Gelid Solutions GC-Extreme", "price": "$21.47"}, {"amount": "3.5 g", "name": "Noctua NT-H2", "price": "$21.40"}, {"amount": "1.75 g", "name": "Arctic Silver Arctic Alumina Premium Ceramic Polysynthetic", "price": "$12.39"}, {"amount": "3 g", "name": "Corsair TM30", "price": "$10.29"}, {"amount": "65 g", "name": "ARCTIC MX-2", "price": "$54.73"}, {"amount": "4 g", "name": "ARCTIC MX-2", "price": "$8.69"}, {"amount": "5 g", "name": "Corsair XTM50", "price": "$16.19"}, {"amount": "12 g", "name": "Arctic Silver 5 High-Density Polysynthetic Silver", "price": "$20.54"}, {"amount": "0.5 g", "name": "Masscool Stars-700", "price": "$14.39"}, {"amount": "10 g", "name": "Noctua NT-H2", "price": "$30.40"}, {"amount": "3.9 g", "name": "Thermal Grizzly Hydronaut", "price": "$17.24"}, {"amount": "6.2 g", "name": "Thermalright TFX", "price": "$48.09"}, {"amount": "4 g", "name": "Cooler Master MasterGel Maker", "price": "$15.29"}, {"amount": "2.7 g", "name": "Arctic Silver Ceramique 2 Tri-Linear", "price": "$5.15"}, {"amount": "0.01 g", "name": "Cooler Master HTK-002", "price": "$11.49"}, {"amount": "10 g", "name": "Gelid Solutions GC-Extreme", "price": "$60.73"}, {"amount": "4 g", "name": "Antec Formula 7 Nano Diamond", "price": null}, {"amount": "1 g", "name": "TUNIQ TX-4 Extreme Performance", "price": "$17.80"}, {"amount": "1.5 g", "name": "Innovation Cooling Diamond \"7 Carat\"", "price": "$17.75"}, {"amount": "4 g", "name": "Thermalright Chill Factor 3", "price": "$8.49"}, {"amount": "20 g", "name": "ARCTIC MX4", "price": "$39.19"}, {"amount": "200 g", "name": "Cooler Master IceFusion", "price": "$28.62"}, {"amount": "14 g", "name": "Arctic Silver Arctic Alumina Premium Ceramic Polysynthetic", "price": "$11.79"}, {"amount": "4 g", "name": "Cooler Master ThermalFusion 400", "price": "$41.15"}, {"amount": "1.5 g", "name": "Prolimatech PK-2 Nano Aluminum High-Grade", "price": "$19.78"}, {"amount": "4 g", "name": "Thermaltake CL-O004-GROSGM-A", "price": "$10.29"}, {"amount": "2 g", "name": "Thermalright TF8", "price": null}, {"amount": "1.5 g", "name": "Cooler Master MasterGel Maker", "price": "$17.68"}, {"amount": "3 g", "name": "Deepcool Z5", "price": "$12.19"}, {"amount": "3.9 g", "name": "Thermal Grizzly Aeronaut", "price": "$17.27"}, {"amount": "300 g", "name": "Prolimatech PK-Zero", "price": null}, {"amount": "0.15 g", "name": "Coollaboratory Liquid Ultra", "price": "$14.81"}, {"amount": "1.5 g", "name": "StarTech Metal Oxide", "price": "$13.08"}, {"amount": "65 g", "name": "ARCTIC MX 2", "price": "$35.09"}, {"amount": "1 g", "name": "TUNIQ TX-2 Extreme", "price": "$31.19"}, {"amount": "1 g", "name": "Sunbeam Iceberg TS-IB", "price": "$13.77"}, {"amount": "3.5 g", "name": "Zalman ZM-STG2", "price": "$12.01"}, {"amount": "1.5 g", "name": "Prolimatech PK-3 Nano Aluminum High-Grade", "price": "$20.89"}, {"amount": "20 g", "name": "ARCTIC MX 4", "price": "$23.68"}, {"amount": "5.8 g", "name": "Thermalright TF8", "price": "$26.69"}, {"amount": "2 g", "name": "Thermalright TFX", "price": "$41.49"}, {"amount": "30 g", "name": "Prolimatech PK-3 Nano Aluminum High-Grade", "price": "$42.67"}, {"amount": "0.15 g", "name": "Coollaboratory Liquid Pro", "price": "$20.03"}, {"amount": "1.5 g", "name": "Thermaltake CL-O001-GROSGM-A", "price": "$13.69"}, {"amount": "4 g", "name": "Thermaltake CLZ0022", "price": "$21.89"}, {"amount": "25 g", "name": "Arctic Silver Ceramique 2 Tri-Linear", "price": "$16.69"}, {"amount": "3 g", "name": "Deepcool Z9", "price": "$13.58"}, {"amount": "5 g", "name": "Prolimatech PK-3 Nano Aluminum High-Grade", "price": "$22.68"}, {"amount": "4 g", "name": "Antec Formula 6 Nano Diamond", "price": null}, {"amount": "4 g", "name": "Thermaltake CL-O0028", "price": "$16.26"}, {"amount": "5 g", "name": "Arctic Silver Arctic Alumina", "price": "$18.99"}, {"amount": "0.5 g", "name": "Masscool G751 Shin-Etsu", "price": "$15.39"}, {"amount": "30 g", "name": "ARCTIC MX2", "price": "$30.11"}, {"amount": "7 g", "name": "Gelid Solutions GC-Supreme", "price": "$13.09"}, {"amount": "4.8 g", "name": "Innovation Cooling ICD24", "price": null}, {"amount": "1.5 g", "name": "Cooler Master MasterGel Regular", "price": "$12.59"}, {"amount": "40 g", "name": "Thermaltake CL-O002-GROSGM-A", "price": "$22.59"}, {"amount": "5 g", "name": "Prolimatech PK-2 Nano Aluminum High-Grade", "price": "$22.39"}, {"amount": "30 g", "name": "Prolimatech PK-2 Nano Aluminum High-Grade", "price": "$36.53"}, {"amount": "3.5 g", "name": "TUNIQ TX-2", "price": null}, {"amount": "1.5 g", "name": "Prolimatech PK-1", "price": "$9.59"}, {"amount": "30 g", "name": "ARCTIC MX 2", "price": "$18.86"}, {"amount": "30 g", "name": "Prolimatech PK-1", "price": "$31.09"}, {"amount": "4 g", "name": "CRYORIG CP7", "price": null}, {"amount": "1.5 g", "name": "Deepcool Z3", "price": null}, {"amount": "3.5 g", "name": "Zalman ZM - STG1", "price": "$19.94"}, {"amount": "4 g", "name": "Xigmatek Freezing Point G4718", "price": null}, {"amount": "2 g", "name": "Phanteks PH-NDC_02", "price": "$17.69"}, {"amount": "9 g", "name": "Thermene Graphene", "price": null}, {"amount": "1.5 g", "name": "Cooler Master Extreme Fusion X1", "price": null}, {"amount": "7 g", "name": "Gelid Solutions GC-2", "price": null}, {"amount": "2 g", "name": "Masscool Fanner-420", "price": "$14.89"}, {"amount": "20 g", "name": "StarTech HeatGrease", "price": "$14.90"}, {"amount": "5 g", "name": "Prolimatech PK-1", "price": "$13.69"}, {"amount": "1.5 g", "name": "Cooler Master MasterGel Maker", "price": null}, {"amount": "3.5 g", "name": "Sunbeam GI-1", "price": "$16.45"}, {"amount": "20 g", "name": "Rosewill RCX-TC090PRO", "price": null}, {"amount": "1.5 g", "name": "Biostar TC-DIAMOND", "price": null}, {"amount": "4 g", "name": "Evercool STC-01", "price": "$13.30"}, {"amount": "1 g", "name": "Antec 77064", "price": null}, {"amount": "4 g", "name": "Xigmatek Freezing Point G4718", "price": null}, {"amount": "4 g", "name": "CRYORIG CP15", "price": null}, {"amount": "1.5 g", "name": "Prolimatech PK-Zero", "price": null}, {"amount": "5 g", "name": "Prolimatech PK-Zero", "price": "$16.19"}, {"amount": "30 g", "name": "Prolimatech PK-Zero", "price": null}, {"amount": "1.5 g", "name": "Syba CL-PTSL-COOL", "price": null}, {"amount": "3 g", "name": "Evercool STC-02", "price": null}, {"amount": "25 g", "name": "Evercool TC-25", "price": null}, {"amount": "4 g", "name": "Xigmatek PTI-G4512", "price": null}, {"amount": "5 g", "name": "Rosewill RCX-TC001", "price": null}, {"amount": "3 g", "name": "Xigmatek PTI-G3606", "price": null}, {"amount": "4 g", "name": "CRYORIG CP5", "price": null}, {"amount": "3 g", "name": "Logisys Z5", "price": null}, {"amount": "3.5 g", "name": "Graphitene GTP-5", "price": "$16.59"}, {"amount": "40 g", "name": "Cooler Master IceFusion", "price": null}]