[{"capacity_(w)": "16000 W", "capacity_(va)": "20000 VA", "name": "APC SURT20KRMXLT", "price": "$23003.51"}, {"capacity_(w)": "900 W", "capacity_(va)": "1500 VA", "name": "CyberPower CP1500AVRLCD", "price": "$161.64"}, {"capacity_(w)": "10000 W", "capacity_(va)": "10000 VA", "name": "APC SRT10KXLI", "price": "$7286.40"}, {"capacity_(w)": "900 W", "capacity_(va)": "1500 VA", "name": "CyberPower CP1500PFCLCD", "price": "$231.65"}, {"capacity_(w)": "10000 W", "capacity_(va)": "10000 VA", "name": "APC SRT10KRMXLI", "price": null}, {"capacity_(w)": "450 W", "capacity_(va)": "750 VA", "name": "CyberPower AVRG750U", "price": "$86.65"}, {"capacity_(w)": "865 W", "capacity_(va)": "1500 VA", "name": "APC BR1500G", "price": "$251.05"}, {"capacity_(w)": "600 W", "capacity_(va)": "1000 VA", "name": "CyberPower CP1000AVRLCD", "price": "$126.65"}, {"capacity_(w)": "1980 W", "capacity_(va)": "2070 VA", "name": "CyberPower PR2200LCDSL", "price": "$713.35"}, {"capacity_(w)": "1000 W", "capacity_(va)": "1440 VA", "name": "APC SMT1500US", "price": "$797.77"}, {"capacity_(w)": "600 W", "capacity_(va)": "1000 VA", "name": "CyberPower CP1000PFCLCD", "price": "$160.34"}, {"capacity_(w)": "2700 W", "capacity_(va)": "3000 VA", "name": "CyberPower PR3000LCD", "price": "$1052.95"}, {"capacity_(w)": "810 W", "capacity_(va)": "1350 VA", "name": "CyberPower CP1350AVRLCD", "price": "$151.49"}, {"capacity_(w)": "900 W", "capacity_(va)": "1500 VA", "name": "APC BX1500M", "price": "$188.39"}, {"capacity_(w)": "360 W", "capacity_(va)": "600 VA", "name": "APC BX600CI-IN", "price": null}, {"capacity_(w)": "255 W", "capacity_(va)": "350 VA", "name": "CyberPower CP350SLG", "price": "$46.15"}, {"capacity_(w)": "330 W", "capacity_(va)": "550 VA", "name": "CyberPower CP550SLG", "price": "$58.05"}, {"capacity_(w)": "210 W", "capacity_(va)": "325 VA", "name": "APC BK325I", "price": "$249216.25"}, {"capacity_(w)": "900 W", "capacity_(va)": "1500 VA", "name": "APC BR1500MS", "price": "$219.09"}, {"capacity_(w)": "180 W", "capacity_(va)": "350 VA", "name": "Tripp Lite BC350", "price": "$50.06"}, {"capacity_(w)": "1050 W", "capacity_(va)": "1500 VA", "name": "CyberPower PR1500LCD", "price": "$484.65"}, {"capacity_(w)": "600 W", "capacity_(va)": "1000 VA", "name": "APC BR1000G", "price": "$211.90"}, {"capacity_(w)": "450 W", "capacity_(va)": "700 VA", "name": "APC BR700G", "price": "$123.39"}, {"capacity_(w)": "510 W", "capacity_(va)": "850 VA", "name": "CyberPower EC850LCD", "price": "$87.09"}, {"capacity_(w)": "3000 W", "capacity_(va)": "3000 VA", "name": "CyberPower PR3000LCDRTXL2U", "price": "$1049.25"}, {"capacity_(w)": "360 W", "capacity_(va)": "650 VA", "name": "APC BN650M1", "price": "$67.00"}, {"capacity_(w)": "330 W", "capacity_(va)": "550 VA", "name": "APC BE550G", "price": "$83.18"}, {"capacity_(w)": "810 W", "capacity_(va)": "1350 VA", "name": "CyberPower CP1350PFCLCD", "price": "$221.25"}, {"capacity_(w)": "1320 W", "capacity_(va)": "2000 VA", "name": "CyberPower OR2200LCDRT2U", "price": "$405.15"}, {"capacity_(w)": "900 W", "capacity_(va)": "1500 VA", "name": "Tripp Lite SMART1500LCDT", "price": "$196.38"}, {"capacity_(w)": "8000 W", "capacity_(va)": "8000 VA", "name": "APC SRT8KRMXLI", "price": null}, {"capacity_(w)": "1980 W", "capacity_(va)": "2200 VA", "name": "CyberPower PR2200LCD", "price": "$800.55"}, {"capacity_(w)": "900 W", "capacity_(va)": "1500 VA", "name": "CyberPower BRG1500AVRLCDTAA", "price": "$220.85"}, {"capacity_(w)": "10000 W", "capacity_(va)": "10000 VA", "name": "APC SRT10KXLT", "price": "$7628.17"}, {"capacity_(w)": "865 W", "capacity_(va)": "1500 VA", "name": "APC BX1500G", "price": null}, {"capacity_(w)": "1650 W", "capacity_(va)": "2190 VA", "name": "CyberPower OR2200LCDRTXL2U", "price": "$572.85"}, {"capacity_(w)": "2700 W", "capacity_(va)": "3000 VA", "name": "CyberPower PR3000LCDSL", "price": "$968.25"}, {"capacity_(w)": "510 W", "capacity_(va)": "850 VA", "name": "CyberPower CP850PFCLCD", "price": "$142.84"}, {"capacity_(w)": "8400 W", "capacity_(va)": "12000 VA", "name": "Tripp Lite SU12000RT4UHW", "price": "$9203.68"}, {"capacity_(w)": "720 W", "capacity_(va)": "1200 VA", "name": "CyberPower CP1200AVR", "price": "$151.15"}, {"capacity_(w)": "600 W", "capacity_(va)": "1100 VA", "name": "APC BN1100M2", "price": "$174.69"}, {"capacity_(w)": "865 W", "capacity_(va)": "1500 VA", "name": "APC BR1500GI", "price": "$433.40"}, {"capacity_(w)": "1980 W", "capacity_(va)": "2200 VA", "name": "APC SMT2200US", "price": "$969.06"}, {"capacity_(w)": "720 W", "capacity_(va)": "1300 VA", "name": "Tripp Lite SMART1300LCDT", "price": "$151.46"}, {"capacity_(w)": "1200 W", "capacity_(va)": "1500 VA", "name": "APC SMX1500RM2U", "price": "$760.49"}, {"capacity_(w)": "2100 W", "capacity_(va)": "3000 VA", "name": "APC SURTA3000XL", "price": "$2848.28"}, {"capacity_(w)": "6000 W", "capacity_(va)": "6000 VA", "name": "APC SRT6KXLT", "price": "$4257.46"}, {"capacity_(w)": "900 W", "capacity_(va)": "1500 VA", "name": "CyberPower BRG1500AVRLCD", "price": "$205.05"}, {"capacity_(w)": "255 W", "capacity_(va)": "425 VA", "name": "CyberPower CP425SLG", "price": "$48.95"}, {"capacity_(w)": "390 W", "capacity_(va)": "650 VA", "name": "APC BE650G1", "price": "$80.28"}, {"capacity_(w)": "405 W", "capacity_(va)": "700 VA", "name": "APC BE700G-UK", "price": "$210.01"}, {"capacity_(w)": "780 W", "capacity_(va)": "1300 VA", "name": "CyberPower CP1300EPFCLCD", "price": null}, {"capacity_(w)": "450 W", "capacity_(va)": "750 VA", "name": "CyberPower EC750G", "price": "$81.15"}, {"capacity_(w)": "650 W", "capacity_(va)": "1080 VA", "name": "APC BN1080G", "price": "$269.28"}, {"capacity_(w)": "1050 W", "capacity_(va)": "1500 VA", "name": "CyberPower PR1500LCDTAA", "price": "$481.19"}, {"capacity_(w)": "4500 W", "capacity_(va)": "5000 VA", "name": "APC SRT5KXLI", "price": "$4673.94"}, {"capacity_(w)": "780 W", "capacity_(va)": "1300 VA", "name": "APC BX1300G", "price": null}, {"capacity_(w)": "1600 W", "capacity_(va)": "2170 VA", "name": "CyberPower PR2200LCDRT2U", "price": "$741.15"}, {"capacity_(w)": "810 W", "capacity_(va)": "1325 VA", "name": "CyberPower GX1325U", "price": "$224.39"}, {"capacity_(w)": "720 W", "capacity_(va)": "1200 VA", "name": "APC BR1200GI", "price": "$409.99"}, {"capacity_(w)": "480 W", "capacity_(va)": "900 VA", "name": "CyberPower AVRG900U", "price": "$83.05"}, {"capacity_(w)": "1320 W", "capacity_(va)": "2000 VA", "name": "CyberPower OR2200PFCRT2U", "price": "$592.05"}, {"capacity_(w)": "7000 W", "capacity_(va)": "10000 VA", "name": "Tripp Lite SU10KRT3UHV", "price": "$6309.18"}, {"capacity_(w)": "980 W", "capacity_(va)": "1500 VA", "name": "APC SMT1500I", "price": "$773.99"}, {"capacity_(w)": "560 W", "capacity_(va)": "900 VA", "name": "CyberPower CP900AVR", "price": "$156.95"}, {"capacity_(w)": "940 W", "capacity_(va)": "1500 VA", "name": "Tripp Lite SMART1500RMXL2U", "price": "$620.11"}, {"capacity_(w)": "2700 W", "capacity_(va)": "3000 VA", "name": "APC SMX3000LVNC", "price": "$1700.04"}, {"capacity_(w)": "1980 W", "capacity_(va)": "2200 VA", "name": "APC SMT2200", "price": "$1138.97"}, {"capacity_(w)": "940 W", "capacity_(va)": "1500 VA", "name": "Tripp Lite OMNIVS1500", "price": "$202.24"}, {"capacity_(w)": "390 W", "capacity_(va)": "650 VA", "name": "CyberPower EC650LCD", "price": "$75.45"}, {"capacity_(w)": "510 W", "capacity_(va)": "850 VA", "name": "CyberPower CP850AVRLCD", "price": "$129.15"}, {"capacity_(w)": "405 W", "capacity_(va)": "700 VA", "name": "APC BE700G-GR", "price": "$131.11"}, {"capacity_(w)": "2850 W", "capacity_(va)": "3000 VA", "name": "APC SUM3000RMXLI2U", "price": "$6802.30"}, {"capacity_(w)": "4000 W", "capacity_(va)": "5000 VA", "name": "CyberPower PR5000LCDRTXL5U", "price": "$1937.05"}, {"capacity_(w)": "8400 W", "capacity_(va)": "12000 VA", "name": "Tripp Lite SU12000RT4U", "price": "$8786.72"}, {"capacity_(w)": "10000 W", "capacity_(va)": "10000 VA", "name": "APC SRT10KRMXLT", "price": "$7822.26"}, {"capacity_(w)": "1350 W", "capacity_(va)": "1500 VA", "name": "CyberPower PR1500LCDRT2U", "price": "$599.25"}, {"capacity_(w)": "9000 W", "capacity_(va)": "10000 VA", "name": "CyberPower OL10000RT3U", "price": null}, {"capacity_(w)": "4500 W", "capacity_(va)": "6000 VA", "name": "CyberPower PR6000LCDRTXL5U", "price": null}, {"capacity_(w)": "4500 W", "capacity_(va)": "5000 VA", "name": "HP AF461A", "price": "$3188.08"}, {"capacity_(w)": "1350 W", "capacity_(va)": "1500 VA", "name": "Tripp Lite SMART1500RM2U", "price": "$630.30"}, {"capacity_(w)": "600 W", "capacity_(va)": "1000 VA", "name": "APC BX1000G", "price": null}, {"capacity_(w)": "900 W", "capacity_(va)": "1500 VA", "name": "Tripp Lite SMX1500LCDT", "price": "$216.42"}, {"capacity_(w)": "300 W", "capacity_(va)": "500 VA", "name": "APC BR500CI-AS", "price": "$65.77"}, {"capacity_(w)": "330 W", "capacity_(va)": "550 VA", "name": "CyberPower EC550G", "price": "$69.39"}, {"capacity_(w)": "330 W", "capacity_(va)": "550 VA", "name": "APC BR550GI", "price": "$166.22"}, {"capacity_(w)": "900 W", "capacity_(va)": "1500 VA", "name": "Tripp Lite SMT1500LCDT", "price": "$175.79"}, {"capacity_(w)": "480 W", "capacity_(va)": "900 VA", "name": "Tripp Lite INTERNET900U", "price": "$105.79"}, {"capacity_(w)": "500 W", "capacity_(va)": "1000 VA", "name": "Tripp Lite OMNIVS1000", "price": "$149.69"}, {"capacity_(w)": "2250 W", "capacity_(va)": "3000 VA", "name": "Tripp Lite SMART3000SLT", "price": "$1129.37"}, {"capacity_(w)": "2700 W", "capacity_(va)": "3000 VA", "name": "Lenovo 55943AX", "price": "$1693.56"}, {"capacity_(w)": "1980 W", "capacity_(va)": "2200 VA", "name": "APC SMX2200RMLV2U", "price": "$1024.96"}, {"capacity_(w)": "540 W", "capacity_(va)": "900 VA", "name": "APC BR900GI", "price": "$256.49"}, {"capacity_(w)": "1980 W", "capacity_(va)": "2200 VA", "name": "APC SUA2200", "price": null}, {"capacity_(w)": "900 W", "capacity_(va)": "1500 VA", "name": "APC SMC1500I", "price": "$614.29"}, {"capacity_(w)": "1800 W", "capacity_(va)": "1920 VA", "name": "APC SMX2000RMLV2U", "price": "$1266.73"}, {"capacity_(w)": "450 W", "capacity_(va)": "750 VA", "name": "Tripp Lite AVRX750U", "price": "$199.96"}, {"capacity_(w)": "6000 W", "capacity_(va)": "6000 VA", "name": "APC SRT6KRMXLI", "price": "$4764.16"}, {"capacity_(w)": "1980 W", "capacity_(va)": "2200 VA", "name": "APC SMT2200I", "price": "$1406.79"}, {"capacity_(w)": "4250 W", "capacity_(va)": "5000 VA", "name": "APC SRT5KXLT", "price": "$3685.99"}, {"capacity_(w)": "2700 W", "capacity_(va)": "3000 VA", "name": "APC SMX3000RMLV2U", "price": "$1757.17"}, {"capacity_(w)": "2150 W", "capacity_(va)": "2150 VA", "name": "CyberPower PR2200LCDRTXL2U", "price": "$892.45"}, {"capacity_(w)": "8000 W", "capacity_(va)": "8000 VA", "name": "APC SRT8KXLI", "price": "$4467.20"}, {"capacity_(w)": "1425 W", "capacity_(va)": "1440 VA", "name": "APC SUM1500RMXL2U", "price": "$1321.39"}, {"capacity_(w)": "1650 W", "capacity_(va)": "2150 VA", "name": "CyberPower PR2200LCDRTXL2UTAA", "price": null}, {"capacity_(w)": "980 W", "capacity_(va)": "1500 VA", "name": "APC SMT1500", "price": "$463.09"}, {"capacity_(w)": "2700 W", "capacity_(va)": "3000 VA", "name": "APC SMT3000", "price": "$2344.98"}, {"capacity_(w)": "390 W", "capacity_(va)": "685 VA", "name": "CyberPower CP685AVR", "price": "$72.35"}, {"capacity_(w)": "1300 W", "capacity_(va)": "2200 VA", "name": "CyberPower OR2200PFCRT2Ua", "price": "$525.77"}, {"capacity_(w)": "7200 W", "capacity_(va)": "8000 VA", "name": "CyberPower OL8000RT3U", "price": null}, {"capacity_(w)": "900 W", "capacity_(va)": "1500 VA", "name": "CyberPower LX1500GU-FC", "price": null}, {"capacity_(w)": "2700 W", "capacity_(va)": "3000 VA", "name": "Tripp Lite SU3000XLCD", "price": "$1891.41"}, {"capacity_(w)": "340 W", "capacity_(va)": "600 VA", "name": "CyberPower CP600LCD", "price": "$70.65"}, {"capacity_(w)": "900 W", "capacity_(va)": "1500 VA", "name": "CyberPower CP1500PFCLCDTAA", "price": "$250.55"}, {"capacity_(w)": "600 W", "capacity_(va)": "1000 VA", "name": "CyberPower BRG1000AVRLCD", "price": "$163.88"}, {"capacity_(w)": "8000 W", "capacity_(va)": "8000 VA", "name": "APC SRT8KRMXLT", "price": "$4721.72"}, {"capacity_(w)": "480 W", "capacity_(va)": "900 VA", "name": "Tripp Lite AVR900U", "price": "$111.39"}, {"capacity_(w)": "330 W", "capacity_(va)": "550 VA", "name": "APC BE550G-GR", "price": null}, {"capacity_(w)": "1200 W", "capacity_(va)": "1500 VA", "name": "APC SMX1500RMI2UNC", "price": "$1207.99"}, {"capacity_(w)": "2400 W", "capacity_(va)": "3000 VA", "name": "CyberPower PR3000LCDRTXL2UTAA", "price": "$987.39"}, {"capacity_(w)": "4000 W", "capacity_(va)": "5000 VA", "name": "CyberPower PR5000LCDRTXL5UTAA", "price": "$2389.65"}, {"capacity_(w)": "500 W", "capacity_(va)": "1000 VA", "name": "Tripp Lite SMART1000LCD", "price": "$156.00"}, {"capacity_(w)": "1600 W", "capacity_(va)": "2200 VA", "name": "Tripp Lite SMART2200VSXL", "price": "$1056.09"}, {"capacity_(w)": "2250 W", "capacity_(va)": "3000 VA", "name": "Tripp Lite SMART3000VS", "price": "$1060.65"}, {"capacity_(w)": "240 W", "capacity_(va)": "400 VA", "name": "APC BE400-FR", "price": null}, {"capacity_(w)": "257 W", "capacity_(va)": "450 VA", "name": "APC BE450G-CN", "price": "$83.28"}, {"capacity_(w)": "780 W", "capacity_(va)": "1300 VA", "name": "APC BR1300G", "price": "$215.50"}, {"capacity_(w)": "1800 W", "capacity_(va)": "1920 VA", "name": "APC SMX2000LV", "price": "$1206.89"}, {"capacity_(w)": "3750 W", "capacity_(va)": "5000 VA", "name": "Tripp Lite SMART5000TEL3U", "price": "$2493.89"}, {"capacity_(w)": "1000 W", "capacity_(va)": "1500 VA", "name": "Tripp Lite SMC15002URM", "price": "$482.97"}, {"capacity_(w)": "1000 W", "capacity_(va)": "1440 VA", "name": "APC SMT1500RM2U", "price": "$542.99"}, {"capacity_(w)": "255 W", "capacity_(va)": "425 VA", "name": "CyberPower SE425G", "price": "$38.17"}, {"capacity_(w)": "900 W", "capacity_(va)": "1500 VA", "name": "APC SMC1500", "price": "$438.36"}, {"capacity_(w)": "4200 W", "capacity_(va)": "6000 VA", "name": "APC SURTD6000RMXLP3U", "price": "$5784.99"}, {"capacity_(w)": "1800 W", "capacity_(va)": "1920 VA", "name": "APC SMX2000RMLV2UNC", "price": "$1650.79"}, {"capacity_(w)": "1600 W", "capacity_(va)": "2200 VA", "name": "Tripp Lite SU2200XL", "price": "$997.67"}, {"capacity_(w)": "2700 W", "capacity_(va)": "3000 VA", "name": "Tripp Lite SU3000RTXLCD3U", "price": "$1697.39"}, {"capacity_(w)": "360 W", "capacity_(va)": "600 VA", "name": "APC BE600-LM", "price": null}, {"capacity_(w)": "2100 W", "capacity_(va)": "3000 VA", "name": "APC SURTA3000RMXL3U", "price": "$2199.30"}, {"capacity_(w)": "2400 W", "capacity_(va)": "3000 VA", "name": "Tripp Lite SU3000XL", "price": "$1734.20"}, {"capacity_(w)": "1980 W", "capacity_(va)": "2200 VA", "name": "APC SMX2200RMHV2U", "price": "$1573.44"}, {"capacity_(w)": "400 W", "capacity_(va)": "650 VA", "name": "APC BK650EI", "price": "$137.19"}, {"capacity_(w)": "350 W", "capacity_(va)": "700 VA", "name": "Tripp Lite AVR700U", "price": "$76.18"}, {"capacity_(w)": "450 W", "capacity_(va)": "700 VA", "name": "Tripp Lite SMART700DVA", "price": "$84.90"}, {"capacity_(w)": "420 W", "capacity_(va)": "750 VA", "name": "CyberPower CP750LCD", "price": "$86.95"}, {"capacity_(w)": "980 W", "capacity_(va)": "1500 VA", "name": "APC SMT1500X413", "price": "$712.20"}, {"capacity_(w)": "4000 W", "capacity_(va)": "5000 VA", "name": "APC SUA5000RMI5U", "price": "$4126.97"}, {"capacity_(w)": "4500 W", "capacity_(va)": "5000 VA", "name": "APC SRT5KRMXLI", "price": "$4095.79"}, {"capacity_(w)": "450 W", "capacity_(va)": "825 VA", "name": "CyberPower CP825AVRLCD", "price": "$108.05"}, {"capacity_(w)": "300 W", "capacity_(va)": "500 VA", "name": "APC BK500EI", "price": "$124.29"}, {"capacity_(w)": "810 W", "capacity_(va)": "1500 VA", "name": "Tripp Lite OMNI1500LCDT", "price": "$167.08"}, {"capacity_(w)": "950 W", "capacity_(va)": "1500 VA", "name": "CyberPower CPS1500AVR", "price": "$336.55"}, {"capacity_(w)": "2880 W", "capacity_(va)": "3000 VA", "name": "Tripp Lite SM3000RMXL2UTAA", "price": "$1154.86"}, {"capacity_(w)": "2400 W", "capacity_(va)": "3000 VA", "name": "Tripp Lite SMART3000NET", "price": "$1177.98"}, {"capacity_(w)": "390 W", "capacity_(va)": "650 VA", "name": "APC BE650R", "price": "$73.74"}, {"capacity_(w)": "1000 W", "capacity_(va)": "1500 VA", "name": "APC SMT1500RMI2U", "price": "$1005.89"}, {"capacity_(w)": "1200 W", "capacity_(va)": "1500 VA", "name": "APC SMX1500RM2UNC", "price": "$1220.09"}, {"capacity_(w)": "1350 W", "capacity_(va)": "1500 VA", "name": "Tripp Lite SU1500XLCD", "price": "$777.55"}, {"capacity_(w)": "670 W", "capacity_(va)": "1050 VA", "name": "Tripp Lite SMART1050SLT", "price": "$418.50"}, {"capacity_(w)": "2700 W", "capacity_(va)": "3000 VA", "name": "APC SMX3000RMHV2UNC", "price": "$2087.08"}, {"capacity_(w)": "1200 W", "capacity_(va)": "1500 VA", "name": "APC SMX1500RMI2U", "price": "$1153.17"}, {"capacity_(w)": "450 W", "capacity_(va)": "825 VA", "name": "CyberPower CP825LCD", "price": "$90.65"}, {"capacity_(w)": "400 W", "capacity_(va)": "700 VA", "name": "CyberPower OR700LCDRM1U", "price": "$208.35"}, {"capacity_(w)": "2700 W", "capacity_(va)": "3000 VA", "name": "CyberPower PR3000LCDRT2U", "price": "$1451.76"}, {"capacity_(w)": "1200 W", "capacity_(va)": "1500 VA", "name": "Tripp Lite SU1500XL", "price": "$707.79"}, {"capacity_(w)": "6400 W", "capacity_(va)": "8000 VA", "name": "Tripp Lite SU8000RT3UG", "price": "$5949.14"}, {"capacity_(w)": "1600 W", "capacity_(va)": "2200 VA", "name": "Tripp Lite SMART2200VS", "price": "$749.61"}, {"capacity_(w)": "185 W", "capacity_(va)": "325 VA", "name": "APC BE325R", "price": "$62.75"}, {"capacity_(w)": "1980 W", "capacity_(va)": "2200 VA", "name": "APC SMT2200R2X180", "price": null}, {"capacity_(w)": "1980 W", "capacity_(va)": "2200 VA", "name": "APC SMT2200R2X106", "price": "$981.34"}, {"capacity_(w)": "810 W", "capacity_(va)": "1350 VA", "name": "CyberPower BRG1350AVRLCD", "price": "$183.25"}, {"capacity_(w)": "330 W", "capacity_(va)": "550 VA", "name": "CyberPower CP550SLGTAA", "price": "$74.25"}, {"capacity_(w)": "980 W", "capacity_(va)": "1500 VA", "name": "Fujitsu S26113-E400-L1", "price": "$1267.70"}, {"capacity_(w)": "500 W", "capacity_(va)": "1000 VA", "name": "Tripp Lite OMNIVSINT1000", "price": "$274.89"}, {"capacity_(w)": "940 W", "capacity_(va)": "1500 VA", "name": "Tripp Lite OMNIVS1500XL", "price": "$231.85"}, {"capacity_(w)": "2880 W", "capacity_(va)": "3000 VA", "name": "Tripp Lite SMART3000RMXLN", "price": "$1377.54"}, {"capacity_(w)": "1600 W", "capacity_(va)": "2200 VA", "name": "Tripp Lite SU2200RTXL2UN", "price": "$1390.88"}, {"capacity_(w)": "670 W", "capacity_(va)": "1000 VA", "name": "APC SMT1000J", "price": null}, {"capacity_(w)": "450 W", "capacity_(va)": "750 VA", "name": "APC BE750G", "price": null}, {"capacity_(w)": "300 W", "capacity_(va)": "500 VA", "name": "APC BG500", "price": "$292.26"}, {"capacity_(w)": "4500 W", "capacity_(va)": "5000 VA", "name": "APC SRT5KRMXLW-HW", "price": null}, {"capacity_(w)": "2700 W", "capacity_(va)": "3000 VA", "name": "APC SMT3000I", "price": "$2344.48"}, {"capacity_(w)": "330 W", "capacity_(va)": "550 VA", "name": "CyberPower CP550SL", "price": null}, {"capacity_(w)": "6300 W", "capacity_(va)": "6300 VA", "name": "HP AF463A", "price": null}, {"capacity_(w)": "5400 W", "capacity_(va)": "6000 VA", "name": "Tripp Lite SU6000RT4UTF", "price": "$2731.96"}, {"capacity_(w)": "1600 W", "capacity_(va)": "2200 VA", "name": "Tripp Lite SMARTINT2200VS", "price": "$918.39"}, {"capacity_(w)": "150 W", "capacity_(va)": "300 VA", "name": "Tripp Lite INTERNETOFFICE300", "price": "$102.67"}, {"capacity_(w)": "2850 W", "capacity_(va)": "3000 VA", "name": "APC SUM3000RMXL2U", "price": "$2115.84"}, {"capacity_(w)": "800 W", "capacity_(va)": "1000 VA", "name": "APC SMX1000I", "price": "$481.05"}, {"capacity_(w)": "600 W", "capacity_(va)": "1000 VA", "name": "CyberPower OR1000LCDRM1U", "price": "$354.55"}, {"capacity_(w)": "325 W", "capacity_(va)": "650 VA", "name": "Tripp Lite ECO650UPSM", "price": "$79.64"}, {"capacity_(w)": "900 W", "capacity_(va)": "1500 VA", "name": "Tripp Lite SMART1500LCDXL", "price": "$282.92"}, {"capacity_(w)": "900 W", "capacity_(va)": "1500 VA", "name": "Tripp Lite SMART1500LCD", "price": "$235.68"}, {"capacity_(w)": "450 W", "capacity_(va)": "750 VA", "name": "Tripp Lite AVR750U", "price": "$101.95"}, {"capacity_(w)": "280 W", "capacity_(va)": "450 VA", "name": "APC SC450RMI1U", "price": "$240.09"}, {"capacity_(w)": "300 W", "capacity_(va)": "500 VA", "name": "CyberPower OR500LCDRM1U", "price": "$171.44"}, {"capacity_(w)": "425 W", "capacity_(va)": "850 VA", "name": "Tripp Lite ECO850LCD", "price": "$108.09"}, {"capacity_(w)": "1800 W", "capacity_(va)": "2200 VA", "name": "Tripp Lite SU2200RTXLCD2U", "price": "$1253.62"}, {"capacity_(w)": "2400 W", "capacity_(va)": "3000 VA", "name": "Tripp Lite SU3000RTXR3U", "price": "$1686.89"}, {"capacity_(w)": "1600 W", "capacity_(va)": "2200 VA", "name": "Tripp Lite SMART2200SLT", "price": "$796.45"}, {"capacity_(w)": "800 W", "capacity_(va)": "1000 VA", "name": "APC SUA1000XL", "price": "$750.39"}, {"capacity_(w)": "800 W", "capacity_(va)": "1000 VA", "name": "APC SMX1000", "price": "$573.47"}, {"capacity_(w)": "2700 W", "capacity_(va)": "3000 VA", "name": "APC SMX3000HV", "price": "$1763.57"}, {"capacity_(w)": "1000 W", "capacity_(va)": "1500 VA", "name": "APC SMT1500RMI1U", "price": "$1728.09"}, {"capacity_(w)": "1800 W", "capacity_(va)": "2200 VA", "name": "CyberPower OL2200RTXL2U", "price": "$1166.05"}, {"capacity_(w)": "750 W", "capacity_(va)": "1000 VA", "name": "CyberPower PR1000LCDRM1U", "price": "$490.25"}, {"capacity_(w)": "525 W", "capacity_(va)": "750 VA", "name": "CyberPower PR750LCD", "price": "$275.45"}, {"capacity_(w)": "300 W", "capacity_(va)": "550 VA", "name": "Tripp Lite ECO550UPS", "price": "$77.56"}, {"capacity_(w)": "450 W", "capacity_(va)": "750 VA", "name": "Tripp Lite ECO750UPSTAA", "price": "$130.62"}, {"capacity_(w)": "940 W", "capacity_(va)": "1500 VA", "name": "Tripp Lite OMNIVSINT1500XL", "price": "$340.16"}, {"capacity_(w)": "3800 W", "capacity_(va)": "5000 VA", "name": "Tripp Lite SU5000RT4U", "price": "$3881.39"}, {"capacity_(w)": "700 W", "capacity_(va)": "1200 VA", "name": "Tripp Lite SMART1200LCD", "price": "$192.90"}, {"capacity_(w)": "705 W", "capacity_(va)": "1050 VA", "name": "Tripp Lite SMART1050NET", "price": null}, {"capacity_(w)": "1920 W", "capacity_(va)": "2200 VA", "name": "Tripp Lite SMX2200XLRT2U", "price": null}, {"capacity_(w)": "700 W", "capacity_(va)": "1000 VA", "name": "APC SMT1000US", "price": "$617.14"}, {"capacity_(w)": "390 W", "capacity_(va)": "650 VA", "name": "APC BE650G1-LM", "price": "$105.60"}, {"capacity_(w)": "185 W", "capacity_(va)": "325 VA", "name": "APC BE325-GR", "price": "$158.50"}, {"capacity_(w)": "980 W", "capacity_(va)": "1440 VA", "name": "APC SUA1500X93", "price": "$790.19"}, {"capacity_(w)": "2700 W", "capacity_(va)": "3000 VA", "name": "APC SMX3000HVNC", "price": "$2841.10"}, {"capacity_(w)": "4000 W", "capacity_(va)": "5000 VA", "name": "APC SURTD5000RMXLP3U", "price": "$5416.63"}, {"capacity_(w)": "390 W", "capacity_(va)": "620 VA", "name": "APC SC620", "price": "$203.74"}, {"capacity_(w)": "450 W", "capacity_(va)": "800 VA", "name": "CyberPower CP800AVR", "price": "$95.05"}, {"capacity_(w)": "800 W", "capacity_(va)": "1000 VA", "name": "CyberPower PR1000LCDRT1U", "price": "$448.85"}, {"capacity_(w)": "1350 W", "capacity_(va)": "1500 VA", "name": "CyberPower PR1500LCDRTXL2U", "price": "$710.45"}, {"capacity_(w)": "1350 W", "capacity_(va)": "1500 VA", "name": "CyberPower PR1500LCDRTXL2Ua", "price": "$634.65"}, {"capacity_(w)": "325 W", "capacity_(va)": "650 VA", "name": "Tripp Lite AVR650UM", "price": "$95.09"}, {"capacity_(w)": "940 W", "capacity_(va)": "1500 VA", "name": "Tripp Lite OMNIVS1500XLTAA", "price": "$298.05"}, {"capacity_(w)": "1600 W", "capacity_(va)": "2200 VA", "name": "Tripp Lite SM2200RMXL2UTAA", "price": "$1092.07"}, {"capacity_(w)": "2880 W", "capacity_(va)": "3000 VA", "name": "Tripp Lite SMART3000CRMXL", "price": "$1524.76"}, {"capacity_(w)": "2250 W", "capacity_(va)": "3000 VA", "name": "Tripp Lite SMART3000RM2U", "price": "$1027.41"}, {"capacity_(w)": "5400 W", "capacity_(va)": "6000 VA", "name": "Tripp Lite SU6000RT4UHV", "price": "$2446.18"}, {"capacity_(w)": "1600 W", "capacity_(va)": "2200 VA", "name": "Tripp Lite SU2200XLA", "price": "$1006.27"}, {"capacity_(w)": "1920 W", "capacity_(va)": "2600 VA", "name": "Tripp Lite SMART2600RM2U", "price": "$1097.49"}, {"capacity_(w)": "3750 W", "capacity_(va)": "5000 VA", "name": "Tripp Lite SMX5000XLRT3U", "price": "$2691.11"}, {"capacity_(w)": "2880 W", "capacity_(va)": "3000 VA", "name": "Tripp Lite SMART3000RMXL2U", "price": "$1194.84"}, {"capacity_(w)": "1200 W", "capacity_(va)": "1500 VA", "name": "Tripp Lite SU1500RTXL2UN", "price": "$992.85"}, {"capacity_(w)": "600 W", "capacity_(va)": "1000 VA", "name": "APC J10BLK", "price": "$497.77"}, {"capacity_(w)": "1540 W", "capacity_(va)": "2200 VA", "name": "APC SURTD2200XLIM", "price": null}, {"capacity_(w)": "2700 W", "capacity_(va)": "3000 VA", "name": "APC SMX3000RMHV2U", "price": "$1969.16"}, {"capacity_(w)": "600 W", "capacity_(va)": "1000 VA", "name": "APC SMC1000I", "price": "$493.05"}, {"capacity_(w)": "2100 W", "capacity_(va)": "3000 VA", "name": "APC SURTD3000RMXLI", "price": "$3327.49"}, {"capacity_(w)": "260 W", "capacity_(va)": "420 VA", "name": "APC SC420I", "price": "$180.99"}, {"capacity_(w)": "1980 W", "capacity_(va)": "2200 VA", "name": "APC SMX2200HV", "price": "$1482.99"}, {"capacity_(w)": "390 W", "capacity_(va)": "685 VA", "name": "CyberPower CP685AVRLCD", "price": "$98.65"}, {"capacity_(w)": "180 W", "capacity_(va)": "350 VA", "name": "Tripp Lite ECO350UPS", "price": "$58.69"}, {"capacity_(w)": "350 W", "capacity_(va)": "700 VA", "name": "Tripp Lite AVR700UXRM", "price": "$111.41"}, {"capacity_(w)": "8000 W", "capacity_(va)": "10000 VA", "name": "Tripp Lite SU10000RT3U2TF", "price": "$7412.65"}, {"capacity_(w)": "800 W", "capacity_(va)": "1000 VA", "name": "Tripp Lite SMART1000RM1U", "price": "$513.29"}, {"capacity_(w)": "1350 W", "capacity_(va)": "1500 VA", "name": "Tripp Lite SMX1500XLRT2U", "price": "$883.97"}, {"capacity_(w)": "1350 W", "capacity_(va)": "1500 VA", "name": "Tripp Lite SMART1500RMXL2UA", "price": "$657.01"}, {"capacity_(w)": "450 W", "capacity_(va)": "750 VA", "name": "Tripp Lite SMART750USB", "price": "$132.47"}, {"capacity_(w)": "940 W", "capacity_(va)": "1400 VA", "name": "Tripp Lite SMARTINT1400RM", "price": "$282.32"}, {"capacity_(w)": "500 W", "capacity_(va)": "1000 VA", "name": "Tripp Lite SMX1000LCD", "price": "$270.03"}, {"capacity_(w)": "500 W", "capacity_(va)": "750 VA", "name": "APC SMT750R2-NMC", "price": "$458.61"}, {"capacity_(w)": "2700 W", "capacity_(va)": "3000 VA", "name": "Tripp Lite SMX3000XLRT2UA", "price": "$1510.76"}, {"capacity_(w)": "670 W", "capacity_(va)": "1000 VA", "name": "APC SU1000XLNET", "price": "$1785.12"}, {"capacity_(w)": "390 W", "capacity_(va)": "650 VA", "name": "APC BE650MC", "price": null}, {"capacity_(w)": "450 W", "capacity_(va)": "750 VA", "name": "APC BE750G-LM", "price": null}, {"capacity_(w)": "75 W", "capacity_(va)": "125 VA", "name": "APC BGE90M", "price": "$91.98"}, {"capacity_(w)": "225 W", "capacity_(va)": "350 VA", "name": "APC BE350", "price": null}, {"capacity_(w)": "257 W", "capacity_(va)": "450 VA", "name": "APC BE450G", "price": null}, {"capacity_(w)": "405 W", "capacity_(va)": "700 VA", "name": "APC BE700-AZ", "price": null}, {"capacity_(w)": "865 W", "capacity_(va)": "1500 VA", "name": "APC BR1500I", "price": null}, {"capacity_(w)": "1000 W", "capacity_(va)": "1500 VA", "name": "APC DLT1500I", "price": null}, {"capacity_(w)": "2700 W", "capacity_(va)": "3000 VA", "name": "APC SMT3000R2X145", "price": null}, {"capacity_(w)": "980 W", "capacity_(va)": "1440 VA", "name": "APC SUA1500", "price": null}, {"capacity_(w)": "1000 W", "capacity_(va)": "1500 VA", "name": "APC SMT1500X448", "price": "$1486.06"}, {"capacity_(w)": "1000 W", "capacity_(va)": "1500 VA", "name": "APC SMT1500RMUS", "price": "$1132.01"}, {"capacity_(w)": "1400 W", "capacity_(va)": "2000 VA", "name": "APC SUOL2000XLI", "price": null}, {"capacity_(w)": "2250 W", "capacity_(va)": "3000 VA", "name": "APC APC3IA", "price": null}, {"capacity_(w)": "600 W", "capacity_(va)": "1000 VA", "name": "APC SMC1000I-2U", "price": null}, {"capacity_(w)": "1050 W", "capacity_(va)": "1500 VA", "name": "APC SURTA1500XL", "price": null}, {"capacity_(w)": "1050 W", "capacity_(va)": "1500 VA", "name": "APC SURTA1500RMXL2U", "price": "$2311.90"}, {"capacity_(w)": "3500 W", "capacity_(va)": "5000 VA", "name": "APC SURTD5000XLI", "price": null}, {"capacity_(w)": "700 W", "capacity_(va)": "1000 VA", "name": "APC SMT1000RM2U", "price": "$744.40"}, {"capacity_(w)": "2700 W", "capacity_(va)": "3000 VA", "name": "APC SMX3000HVT", "price": "$1629.59"}, {"capacity_(w)": "1850 W", "capacity_(va)": "2200 VA", "name": "APC SUA2200XL", "price": null}, {"capacity_(w)": "250 W", "capacity_(va)": "500 VA", "name": "Eaton 66942", "price": null}, {"capacity_(w)": "600 W", "capacity_(va)": "750 VA", "name": "APC SUA750XLI", "price": null}, {"capacity_(w)": "1425 W", "capacity_(va)": "1500 VA", "name": "APC SUM1500RMXLI2U", "price": null}, {"capacity_(w)": "360 W", "capacity_(va)": "650 VA", "name": "Belkin F6H650-SER", "price": "$222.54"}, {"capacity_(w)": "2100 W", "capacity_(va)": "3000 VA", "name": "CyberPower OL3000RMXL2U", "price": null}, {"capacity_(w)": "1000 W", "capacity_(va)": "1500 VA", "name": "CyberPower PR1500SWRM2U", "price": null}, {"capacity_(w)": "600 W", "capacity_(va)": "1000 VA", "name": "CyberPower CP1000PFCLCDTAA", "price": null}, {"capacity_(w)": "700 W", "capacity_(va)": "1000 VA", "name": "CyberPower PR1000LCDTAA", "price": "$366.04"}, {"capacity_(w)": "1000 W", "capacity_(va)": "1500 VA", "name": "CyberPower PR1500LCDRT2UTAA", "price": null}, {"capacity_(w)": "1600 W", "capacity_(va)": "2170 VA", "name": "CyberPower PR2200LCDRT2UTAA", "price": null}, {"capacity_(w)": "2250 W", "capacity_(va)": "3000 VA", "name": "CyberPower PR3000LCDRT2UTAA", "price": null}, {"capacity_(w)": null, "capacity_(va)": "600 VA", "name": "Fellowes 99067", "price": "$123.82"}, {"capacity_(w)": "2700 W", "capacity_(va)": "2880 VA", "name": "HP AF466A", "price": null}, {"capacity_(w)": "375 W", "capacity_(va)": "600 VA", "name": "Tripp Lite BC600SINE", "price": "$153.65"}, {"capacity_(w)": "180 W", "capacity_(va)": "300 VA", "name": "Tripp Lite OMNISMART300PNP", "price": "$156.50"}, {"capacity_(w)": "1600 W", "capacity_(va)": "2200 VA", "name": "Tripp Lite SM2200RMNAFTA", "price": "$1055.41"}, {"capacity_(w)": "1600 W", "capacity_(va)": "2200 VA", "name": "Tripp Lite SMART2200SLTAA", "price": "$1158.32"}, {"capacity_(w)": "300 W", "capacity_(va)": "550 VA", "name": "Tripp Lite SMART550USBTAA", "price": "$180.38"}, {"capacity_(w)": "4200 W", "capacity_(va)": "6000 VA", "name": "Tripp Lite SU6000RT3UHVXL", "price": null}, {"capacity_(w)": "5400 W", "capacity_(va)": "6000 VA", "name": "Tripp Lite SU6000RT4UHVG", "price": "$4583.17"}, {"capacity_(w)": "1200 W", "capacity_(va)": "1500 VA", "name": "Tripp Lite SU1500RTXL2U", "price": "$1037.00"}, {"capacity_(w)": "1600 W", "capacity_(va)": "2200 VA", "name": "Tripp Lite SU2200RTXL2UA", "price": "$1120.57"}, {"capacity_(w)": "2500 W", "capacity_(va)": "3000 VA", "name": "Tripp Lite SUINT3000RTXL2U", "price": "$1820.25"}, {"capacity_(w)": "700 W", "capacity_(va)": "1000 VA", "name": "Tripp Lite SMX1000RT2U", "price": "$684.20"}, {"capacity_(w)": "980 W", "capacity_(va)": "1500 VA", "name": "Tripp Lite SM1500XLNAFTA", "price": "$503.65"}, {"capacity_(w)": "1600 W", "capacity_(va)": "2200 VA", "name": "Tripp Lite SMX2200RT2UTAA", "price": null}, {"capacity_(w)": "2250 W", "capacity_(va)": "3000 VA", "name": "Tripp Lite SMX3000RT2UTAA", "price": "$4112.19"}, {"capacity_(w)": "940 W", "capacity_(va)": "1200 VA", "name": "Tripp Lite TE1200", "price": "$488.46"}, {"capacity_(w)": "425 W", "capacity_(va)": "600 VA", "name": "Tripp Lite TE600", "price": "$299.54"}, {"capacity_(w)": "400 W", "capacity_(va)": "800 VA", "name": "CyberPower BU800E-UK", "price": null}, {"capacity_(w)": "1000 W", "capacity_(va)": "1500 VA", "name": "APC SMT1500R2X122", "price": "$664.24"}, {"capacity_(w)": "900 W", "capacity_(va)": "1500 VA", "name": "CyberPower OR1500LCDRM1U", "price": "$380.55"}, {"capacity_(w)": "2400 W", "capacity_(va)": "3000 VA", "name": "Tripp Lite SU3000RTXL3U", "price": "$1364.18"}, {"capacity_(w)": "900 W", "capacity_(va)": "1500 VA", "name": "Tripp Lite SMX1500LCD", "price": "$364.01"}, {"capacity_(w)": "510 W", "capacity_(va)": "850 VA", "name": "CyberPower BRG850AVRLCD", "price": "$127.75"}, {"capacity_(w)": "450 W", "capacity_(va)": "750 VA", "name": "Tripp Lite ECO750UPS", "price": "$96.34"}, {"capacity_(w)": "500 W", "capacity_(va)": "750 VA", "name": "APC SMT750US", "price": "$392.30"}, {"capacity_(w)": "300 W", "capacity_(va)": "550 VA", "name": "Tripp Lite ECO550UPSTAA", "price": "$97.60"}, {"capacity_(w)": "325 W", "capacity_(va)": "650 VA", "name": "Tripp Lite ECO650LCD", "price": "$88.92"}, {"capacity_(w)": "280 W", "capacity_(va)": "450 VA", "name": "Tripp Lite BCPERSONAL450", "price": "$124.68"}, {"capacity_(w)": "640 W", "capacity_(va)": "1000 VA", "name": "APC SUA1000RMI1U", "price": "$948.17"}, {"capacity_(w)": "1980 W", "capacity_(va)": "2200 VA", "name": "APC SMT2200RMUS", "price": "$1576.49"}, {"capacity_(w)": "480 W", "capacity_(va)": "750 VA", "name": "APC SUA750RMJ1UB", "price": "$674.60"}, {"capacity_(w)": "2700 W", "capacity_(va)": "3000 VA", "name": "CyberPower OL3000RTXL2U", "price": "$1128.75"}, {"capacity_(w)": "480 W", "capacity_(va)": "900 VA", "name": "Tripp Lite ECO900UPSM", "price": "$124.59"}, {"capacity_(w)": "180 W", "capacity_(va)": "350 VA", "name": "Tripp Lite INTERNET350SER", "price": "$63.69"}, {"capacity_(w)": "700 W", "capacity_(va)": "1000 VA", "name": "Tripp Lite SM1000RM2UTAA", "price": "$231.06"}, {"capacity_(w)": "4000 W", "capacity_(va)": "5000 VA", "name": "Tripp Lite SMART5000RT3U", "price": "$3222.21"}, {"capacity_(w)": "800 W", "capacity_(va)": "1000 VA", "name": "Tripp Lite SU1000XLA", "price": "$537.43"}, {"capacity_(w)": "3750 W", "capacity_(va)": "5000 VA", "name": "Tripp Lite SMART5000XFMRXL", "price": "$2979.78"}, {"capacity_(w)": "1920 W", "capacity_(va)": "2200 VA", "name": "Tripp Lite SMART2200RM2U", "price": "$859.75"}, {"capacity_(w)": "2400 W", "capacity_(va)": "3000 VA", "name": "Tripp Lite SU3000RTXL3UN", "price": "$1687.55"}, {"capacity_(w)": "330 W", "capacity_(va)": "550 VA", "name": "APC BE550G/LM", "price": "$136.63"}, {"capacity_(w)": "300 W", "capacity_(va)": "500 VA", "name": "APC BH500INET", "price": null}, {"capacity_(w)": "280 W", "capacity_(va)": "450 VA", "name": "APC SC450RM1U", "price": "$195.22"}, {"capacity_(w)": "600 W", "capacity_(va)": "750 VA", "name": "APC SMX750I", "price": "$737.66"}, {"capacity_(w)": "4250 W", "capacity_(va)": "5000 VA", "name": "APC SRT5KRMXLT", "price": "$4031.49"}, {"capacity_(w)": "2700 W", "capacity_(va)": "3000 VA", "name": "APC SMX3000LV", "price": "$1570.28"}, {"capacity_(w)": "600 W", "capacity_(va)": "750 VA", "name": "APC SMX750", "price": "$481.57"}, {"capacity_(w)": "2700 W", "capacity_(va)": "3000 VA", "name": "APC SMX3000RMLV2UNC", "price": "$1863.13"}, {"capacity_(w)": "1125 W", "capacity_(va)": "1500 VA", "name": "CyberPower OR1500LCDRTXL2U", "price": "$490.15"}, {"capacity_(w)": "700 W", "capacity_(va)": "1000 VA", "name": "Tripp Lite OMNI1000ISO", "price": "$497.99"}, {"capacity_(w)": "1350 W", "capacity_(va)": "1500 VA", "name": "Tripp Lite SMART1500RM2UN", "price": "$876.82"}, {"capacity_(w)": "1350 W", "capacity_(va)": "1500 VA", "name": "Tripp Lite SU1500RTXLCD2U", "price": "$882.28"}, {"capacity_(w)": "5600 W", "capacity_(va)": "8000 VA", "name": "Tripp Lite SU8000RT4U", "price": "$4654.44"}, {"capacity_(w)": "950 W", "capacity_(va)": "1500 VA", "name": "Tripp Lite SMART1500SLT", "price": "$485.88"}, {"capacity_(w)": "980 W", "capacity_(va)": "1500 VA", "name": "Tripp Lite SMART1500", "price": "$464.47"}, {"capacity_(w)": "700 W", "capacity_(va)": "1000 VA", "name": "Tripp Lite SMC10002URM", "price": "$374.46"}, {"capacity_(w)": "2700 W", "capacity_(va)": "3000 VA", "name": "APC SMT3000RMT2U", "price": "$1869.39"}, {"capacity_(w)": "500 W", "capacity_(va)": "750 VA", "name": "APC SMT750RMI2U", "price": "$667.49"}, {"capacity_(w)": "500 W", "capacity_(va)": "750 VA", "name": "APC SUA750IX38", "price": null}, {"capacity_(w)": "260 W", "capacity_(va)": "420 VA", "name": "APC SC420", "price": "$124.10"}, {"capacity_(w)": "280 W", "capacity_(va)": "450 VA", "name": "APC SC450R1X542", "price": "$480.61"}, {"capacity_(w)": "500 W", "capacity_(va)": "750 VA", "name": "APC SMT750I", "price": "$383.69"}, {"capacity_(w)": "500 W", "capacity_(va)": "750 VA", "name": "APC SMT750RM2U", "price": "$463.20"}, {"capacity_(w)": "6000 W", "capacity_(va)": "6000 VA", "name": "APC SRT6KRMXLT", "price": "$4484.61"}, {"capacity_(w)": "900 W", "capacity_(va)": "1500 VA", "name": "CyberPower CP1500AVRT", "price": "$187.05"}, {"capacity_(w)": "255 W", "capacity_(va)": "350 VA", "name": "CyberPower EC350G", "price": null}, {"capacity_(w)": "700 W", "capacity_(va)": "1000 VA", "name": "CyberPower PR1000LCD", "price": "$357.85"}, {"capacity_(w)": "900 W", "capacity_(va)": "1000 VA", "name": "CyberPower PR1000LCDRTXL2U", "price": "$508.85"}, {"capacity_(w)": "400 W", "capacity_(va)": "500 VA", "name": "CyberPower PR500LCDRT1U", "price": "$302.75"}, {"capacity_(w)": "560 W", "capacity_(va)": "750 VA", "name": "CyberPower PR750LCDRM1U", "price": "$393.65"}, {"capacity_(w)": "180 W", "capacity_(va)": "350 VA", "name": "Tripp Lite INTERNET350U", "price": "$61.61"}, {"capacity_(w)": "450 W", "capacity_(va)": "750 VA", "name": "Tripp Lite INTERNET750U", "price": "$96.29"}, {"capacity_(w)": "300 W", "capacity_(va)": "550 VA", "name": "Tripp Lite AVR550U", "price": "$76.05"}, {"capacity_(w)": "280 W", "capacity_(va)": "450 VA", "name": "Tripp Lite BCPERS450", "price": "$110.08"}, {"capacity_(w)": "300 W", "capacity_(va)": "550 VA", "name": "Tripp Lite AVRX550U", "price": "$121.60"}, {"capacity_(w)": "350 W", "capacity_(va)": "650 VA", "name": "Tripp Lite OMNI650LCD", "price": "$115.96"}, {"capacity_(w)": "1350 W", "capacity_(va)": "1500 VA", "name": "Tripp Lite SM1500RMXL2UTAA", "price": "$738.81"}, {"capacity_(w)": "1920 W", "capacity_(va)": "2200 VA", "name": "Tripp Lite SMART2200RMXLN", "price": "$1256.89"}, {"capacity_(w)": "1920 W", "capacity_(va)": "2200 VA", "name": "Tripp Lite SMART2200RMXL2U", "price": "$1029.84"}, {"capacity_(w)": "600 W", "capacity_(va)": "750 VA", "name": "Tripp Lite SU750RTXL2U", "price": "$624.69"}, {"capacity_(w)": "900 W", "capacity_(va)": "1000 VA", "name": "Tripp Lite SU1000RTXLCD2U", "price": "$701.03"}, {"capacity_(w)": "2700 W", "capacity_(va)": "3000 VA", "name": "Tripp Lite SU3000RTXLCD2U", "price": "$1824.62"}, {"capacity_(w)": "600 W", "capacity_(va)": "750 VA", "name": "Tripp Lite SU750XL", "price": "$469.09"}, {"capacity_(w)": "750 W", "capacity_(va)": "1000 VA", "name": "Tripp Lite SMART1200XLHG", "price": "$693.45"}, {"capacity_(w)": "600 W", "capacity_(va)": "750 VA", "name": "Tripp Lite SMART750RM1U", "price": "$407.83"}, {"capacity_(w)": "1900 W", "capacity_(va)": "2200 VA", "name": "Tripp Lite SMART2200CRMXL", "price": "$1245.99"}, {"capacity_(w)": "1920 W", "capacity_(va)": "2200 VA", "name": "Tripp Lite SMART2200RM2UN", "price": "$1158.77"}, {"capacity_(w)": "600 W", "capacity_(va)": "750 VA", "name": "Tripp Lite SMART750RMXL2U", "price": "$486.22"}, {"capacity_(w)": "4000 W", "capacity_(va)": "5000 VA", "name": "APC SUA5000R5TXFMR", "price": "$4227.98"}, {"capacity_(w)": "800 W", "capacity_(va)": "1000 VA", "name": "Tripp Lite SM1000RM1UTAA", "price": "$612.99"}, {"capacity_(w)": "2250 W", "capacity_(va)": "3000 VA", "name": "Tripp Lite SM3000RM2UNTAA", "price": "$1688.63"}, {"capacity_(w)": "640 W", "capacity_(va)": "1000 VA", "name": "APC SUA1000RM1U", "price": "$801.24"}, {"capacity_(w)": "390 W", "capacity_(va)": "650 VA", "name": "APC BE650G1-CN", "price": "$99.21"}, {"capacity_(w)": "210 W", "capacity_(va)": "350 VA", "name": "APC BK350", "price": "$88.99"}, {"capacity_(w)": "210 W", "capacity_(va)": "350 VA", "name": "APC BK350EI", "price": null}, {"capacity_(w)": "300 W", "capacity_(va)": "500 VA", "name": "APC BK500BLK", "price": "$122.49"}, {"capacity_(w)": "240 W", "capacity_(va)": "400 VA", "name": "APC BE400-CP", "price": null}, {"capacity_(w)": "1000 W", "capacity_(va)": "1440 VA", "name": "APC SMT1500RM1U", "price": "$954.83"}, {"capacity_(w)": "1980 W", "capacity_(va)": "2200 VA", "name": "APC SMT2200RMI2U", "price": "$2053.32"}, {"capacity_(w)": "1980 W", "capacity_(va)": "2200 VA", "name": "APC SU2200R3X167", "price": "$1862.39"}, {"capacity_(w)": "2700 W", "capacity_(va)": "3000 VA", "name": "APC SUA3000", "price": "$1202.70"}, {"capacity_(w)": "4000 W", "capacity_(va)": "5000 VA", "name": "APC SUA5000RMT5U", "price": "$3546.19"}, {"capacity_(w)": "480 W", "capacity_(va)": "750 VA", "name": "APC SUA750RM1U", "price": "$468.35"}, {"capacity_(w)": "700 W", "capacity_(va)": "1000 VA", "name": "APC SURT1000XLI", "price": null}, {"capacity_(w)": "700 W", "capacity_(va)": "1000 VA", "name": "APC SURT1000RMXLI", "price": null}, {"capacity_(w)": "390 W", "capacity_(va)": "620 VA", "name": "APC SC620I", "price": "$226.98"}, {"capacity_(w)": "2700 W", "capacity_(va)": "3000 VA", "name": "APC SMT3000RM2U", "price": "$1842.50"}, {"capacity_(w)": "1800 W", "capacity_(va)": "1920 VA", "name": "APC SMX2000LVNC", "price": "$1249.29"}, {"capacity_(w)": "50 W", "capacity_(va)": null, "name": "CyberPower CS50U48V", "price": "$93.87"}, {"capacity_(w)": "900 W", "capacity_(va)": "1500 VA", "name": "CyberPower OR1500LCDRT2U", "price": "$352.65"}, {"capacity_(w)": "700 W", "capacity_(va)": "1000 VA", "name": "CyberPower PR1000LCDRT2U", "price": "$428.95"}, {"capacity_(w)": "750 W", "capacity_(va)": "1000 VA", "name": "CyberPower PR1000LCDRTXL2UA", "price": "$472.25"}, {"capacity_(w)": "600 W", "capacity_(va)": "700 VA", "name": "CyberPower PR750LCDRT1U", "price": "$379.35"}, {"capacity_(w)": "675 W", "capacity_(va)": "750 VA", "name": "CyberPower PR750LCDRTXL2U", "price": "$472.05"}, {"capacity_(w)": "1125 W", "capacity_(va)": "1500 VA", "name": "CyberPower PR1500LCDRTXL2UTAA", "price": "$637.25"}, {"capacity_(w)": "940 W", "capacity_(va)": "1400 VA", "name": "Tripp Lite BCPRO1400", "price": null}, {"capacity_(w)": "345 W", "capacity_(va)": "600 VA", "name": "Tripp Lite BCPRO600", "price": "$145.89"}, {"capacity_(w)": "300 W", "capacity_(va)": "550 VA", "name": "Tripp Lite INTERNET550U", "price": "$67.07"}, {"capacity_(w)": "300 W", "capacity_(va)": "550 VA", "name": "Tripp Lite INTERNET550SER", "price": "$72.51"}, {"capacity_(w)": "300 W", "capacity_(va)": "600 VA", "name": "Tripp Lite INTERNET600U", "price": "$69.76"}, {"capacity_(w)": "300 W", "capacity_(va)": "500 VA", "name": "Tripp Lite OMNISMART500", "price": "$203.35"}, {"capacity_(w)": "300 W", "capacity_(va)": "500 VA", "name": "Tripp Lite OMNI500ISO", "price": "$204.49"}, {"capacity_(w)": "475 W", "capacity_(va)": "900 VA", "name": "Tripp Lite OMNI900LCD", "price": "$138.49"}, {"capacity_(w)": "475 W", "capacity_(va)": "800 VA", "name": "Tripp Lite OMNIVS800", "price": "$148.19"}, {"capacity_(w)": "900 W", "capacity_(va)": "1000 VA", "name": "Tripp Lite SMART1000RMXL2U", "price": "$521.19"}, {"capacity_(w)": "4200 W", "capacity_(va)": "6000 VA", "name": "Tripp Lite SU6000RT4U", "price": "$3914.36"}, {"capacity_(w)": "900 W", "capacity_(va)": "1000 VA", "name": "Tripp Lite SU1000XLCD", "price": "$651.16"}, {"capacity_(w)": "1200 W", "capacity_(va)": "1500 VA", "name": "Tripp Lite SU1500RTXL2UA", "price": "$771.18"}, {"capacity_(w)": "2500 W", "capacity_(va)": "3000 VA", "name": "Tripp Lite SU3000RTXL2U", "price": "$1298.41"}, {"capacity_(w)": "800 W", "capacity_(va)": "1000 VA", "name": "Tripp Lite SMART1000RM2U", "price": "$460.59"}, {"capacity_(w)": "1700 W", "capacity_(va)": "2200 VA", "name": "Tripp Lite SMART2200NET", "price": "$749.17"}, {"capacity_(w)": "300 W", "capacity_(va)": "550 VA", "name": "Tripp Lite SMART550USB", "price": "$117.77"}, {"capacity_(w)": "450 W", "capacity_(va)": "700 VA", "name": "Tripp Lite SMART700HG", "price": "$638.57"}, {"capacity_(w)": "500 W", "capacity_(va)": "750 VA", "name": "Tripp Lite SMX750SLT", "price": "$409.20"}, {"capacity_(w)": "1920 W", "capacity_(va)": "2200 VA", "name": "Tripp Lite SM2200RMDVTAA", "price": "$1469.36"}, {"capacity_(w)": "1350 W", "capacity_(va)": "1500 VA", "name": "Tripp Lite SMART1500RMXLN", "price": "$901.81"}, {"capacity_(w)": "500 W", "capacity_(va)": "750 VA", "name": "Tripp Lite SMART750SLT", "price": "$317.38"}, {"capacity_(w)": "900 W", "capacity_(va)": "1000 VA", "name": "CyberPower OL1000RTXL2U", "price": "$653.49"}, {"capacity_(w)": "1350 W", "capacity_(va)": "1500 VA", "name": "CyberPower OL1500RTXL2U", "price": "$774.95"}, {"capacity_(w)": "1800 W", "capacity_(va)": "2200 VA", "name": "CyberPower OL2000RTXL2U", "price": null}, {"capacity_(w)": "2250 W", "capacity_(va)": "3000 VA", "name": "Tripp Lite SM3000RM2UTAA", "price": null}, {"capacity_(w)": "2250 W", "capacity_(va)": "3000 VA", "name": "Tripp Lite SMART3000VSTAA", "price": null}, {"capacity_(w)": "2880 W", "capacity_(va)": "3000 VA", "name": "Tripp Lite SM3000RMXLNTAA", "price": "$1513.37"}, {"capacity_(w)": "670 W", "capacity_(va)": "1000 VA", "name": "APC SMT1000", "price": "$484.79"}, {"capacity_(w)": "700 W", "capacity_(va)": "1000 VA", "name": "APC SURT1000XLIM", "price": null}, {"capacity_(w)": "670 W", "capacity_(va)": "1000 VA", "name": "APC SUA1000", "price": null}, {"capacity_(w)": "670 W", "capacity_(va)": "1000 VA", "name": "APC SUA1000RM2U", "price": null}, {"capacity_(w)": "670 W", "capacity_(va)": "1000 VA", "name": "APC SUA1000US", "price": null}, {"capacity_(w)": "670 W", "capacity_(va)": "1000 VA", "name": "APC SU1000RMI2U", "price": null}, {"capacity_(w)": "700 W", "capacity_(va)": "1000 VA", "name": "APC SMT1000RMI2U", "price": "$770.49"}, {"capacity_(w)": "185 W", "capacity_(va)": "325 VA", "name": "APC BE325", "price": null}, {"capacity_(w)": "180 W", "capacity_(va)": "300 VA", "name": "APC BK300C", "price": null}, {"capacity_(w)": "130 W", "capacity_(va)": "200 VA", "name": "APC BK200", "price": null}, {"capacity_(w)": "180 W", "capacity_(va)": "300 VA", "name": "APC BK300MI", "price": null}, {"capacity_(w)": "250 W", "capacity_(va)": "400 VA", "name": "APC BK400", "price": null}, {"capacity_(w)": "300 W", "capacity_(va)": "450 VA", "name": "APC BK450", "price": null}, {"capacity_(w)": "257 W", "capacity_(va)": "450 VA", "name": "APC BE450G-LM", "price": null}, {"capacity_(w)": "300 W", "capacity_(va)": "500 VA", "name": "APC BK500JS", "price": null}, {"capacity_(w)": "300 W", "capacity_(va)": "500 VA", "name": "APC BK500MI", "price": null}, {"capacity_(w)": "360 W", "capacity_(va)": "600 VA", "name": "APC BN600G", "price": null}, {"capacity_(w)": "400 W", "capacity_(va)": "600 VA", "name": "APC BK600", "price": null}, {"capacity_(w)": "300 W", "capacity_(va)": "500 VA", "name": "APC BK500", "price": "$130.22"}, {"capacity_(w)": "185 W", "capacity_(va)": "325 VA", "name": "APC BE325-LM", "price": null}, {"capacity_(w)": "200 W", "capacity_(va)": "350 VA", "name": "APC BE350R", "price": null}, {"capacity_(w)": "225 W", "capacity_(va)": "350 VA", "name": "APC BF350-GR", "price": null}, {"capacity_(w)": "200 W", "capacity_(va)": "350 VA", "name": "APC BE350G-CN", "price": null}, {"capacity_(w)": "200 W", "capacity_(va)": "350 VA", "name": "APC BE350G", "price": null}, {"capacity_(w)": "200 W", "capacity_(va)": "350 VA", "name": "APC BE350G-LM", "price": null}, {"capacity_(w)": "200 W", "capacity_(va)": "350 VA", "name": "APC BE350R-CN", "price": null}, {"capacity_(w)": "200 W", "capacity_(va)": "350 VA", "name": "APC BE350U-CN", "price": null}, {"capacity_(w)": "200 W", "capacity_(va)": "350 VA", "name": "APC BE350C", "price": null}, {"capacity_(w)": "240 W", "capacity_(va)": "400 VA", "name": "APC BE400-GR", "price": null}, {"capacity_(w)": "300 W", "capacity_(va)": "500 VA", "name": "APC BE500R", "price": null}, {"capacity_(w)": "325 W", "capacity_(va)": "500 VA", "name": "APC BF500-AZ", "price": null}, {"capacity_(w)": "325 W", "capacity_(va)": "500 VA", "name": "APC BF500-UK", "price": null}, {"capacity_(w)": "300 W", "capacity_(va)": "500 VA", "name": "APC BE500R-CN", "price": null}, {"capacity_(w)": "300 W", "capacity_(va)": "500 VA", "name": "APC BE500U-CN", "price": null}, {"capacity_(w)": "325 W", "capacity_(va)": "500 VA", "name": "APC BF500-GR", "price": null}, {"capacity_(w)": "300 W", "capacity_(va)": "525 VA", "name": "APC BE525-RS", "price": null}, {"capacity_(w)": "330 W", "capacity_(va)": "550 VA", "name": "APC BE550-CP", "price": null}, {"capacity_(w)": "330 W", "capacity_(va)": "550 VA", "name": "APC BE550G-CN", "price": null}, {"capacity_(w)": "330 W", "capacity_(va)": "550 VA", "name": "APC BE550R", "price": null}, {"capacity_(w)": "330 W", "capacity_(va)": "550 VA", "name": "APC BE550R-CN", "price": null}, {"capacity_(w)": "330 W", "capacity_(va)": "700 VA", "name": "APC BE550-UK", "price": null}, {"capacity_(w)": "330 W", "capacity_(va)": "550 VA", "name": "APC BE550-GR", "price": null}, {"capacity_(w)": "390 W", "capacity_(va)": "650 VA", "name": "APC BE650BB", "price": null}, {"capacity_(w)": "390 W", "capacity_(va)": "650 VA", "name": "APC BE650G", "price": null}, {"capacity_(w)": "390 W", "capacity_(va)": "650 VA", "name": "APC BE650G-CN", "price": null}, {"capacity_(w)": "390 W", "capacity_(va)": "650 VA", "name": "APC BE650G-LM", "price": null}, {"capacity_(w)": "390 W", "capacity_(va)": "650 VA", "name": "APC BE650R-CN", "price": null}, {"capacity_(w)": "405 W", "capacity_(va)": "700 VA", "name": "APC BE700-CP", "price": null}, {"capacity_(w)": "405 W", "capacity_(va)": "700 VA", "name": "APC BE700-UK", "price": null}, {"capacity_(w)": "405 W", "capacity_(va)": "700 VA", "name": "APC BE700-GR", "price": null}, {"capacity_(w)": "450 W", "capacity_(va)": "750 VA", "name": "APC BE750BB", "price": null}, {"capacity_(w)": "450 W", "capacity_(va)": "750 VA", "name": "APC BE750G-CN", "price": null}, {"capacity_(w)": "450 W", "capacity_(va)": "750 VA", "name": "APC BE750BBX450", "price": null}, {"capacity_(w)": "450 W", "capacity_(va)": "750 VA", "name": "APC BE750BB-CN", "price": null}, {"capacity_(w)": "300 W", "capacity_(va)": "500 VA", "name": "APC BH500NET", "price": null}, {"capacity_(w)": "257 W", "capacity_(va)": "450 VA", "name": "APC BN4001", "price": null}, {"capacity_(w)": "225 W", "capacity_(va)": "350 VA", "name": "APC BF350U", "price": null}, {"capacity_(w)": "325 W", "capacity_(va)": "500 VA", "name": "APC BF500U", "price": null}, {"capacity_(w)": "325 W", "capacity_(va)": "500 VA", "name": "APC BF500", "price": null}, {"capacity_(w)": "300 W", "capacity_(va)": "500 VA", "name": "APC BK500JP", "price": null}, {"capacity_(w)": "225 W", "capacity_(va)": "350 VA", "name": "APC BF350-FR", "price": null}, {"capacity_(w)": "1000 W", "capacity_(va)": "1500 VA", "name": "APC DLT1500RMI2U", "price": null}, {"capacity_(w)": "6400 W", "capacity_(va)": "8000 VA", "name": "APC DLRT8000RMXLI6U", "price": null}, {"capacity_(w)": "325 W", "capacity_(va)": "500 VA", "name": "APC SUA500PDRI-H", "price": null}, {"capacity_(w)": "325 W", "capacity_(va)": "500 VA", "name": "APC SUA500PDRI-S", "price": null}, {"capacity_(w)": "865 W", "capacity_(va)": "1500 VA", "name": "APC J15BLK", "price": "$587.49"}, {"capacity_(w)": "420 W", "capacity_(va)": "700 VA", "name": "APC BN700MC", "price": null}, {"capacity_(w)": "980 W", "capacity_(va)": "1440 VA", "name": "APC SUA1500R2X93", "price": "$1008.23"}, {"capacity_(w)": "980 W", "capacity_(va)": "1440 VA", "name": "APC SUA1500R2X122", "price": null}, {"capacity_(w)": "980 W", "capacity_(va)": "1440 VA", "name": "APC SUA1500R2X138", "price": null}, {"capacity_(w)": "980 W", "capacity_(va)": "1440 VA", "name": "APC SUA1500RM2U", "price": null}, {"capacity_(w)": "980 W", "capacity_(va)": "1500 VA", "name": "APC SUA1500RMI2U", "price": null}, {"capacity_(w)": "980 W", "capacity_(va)": "1500 VA", "name": "APC SMT1500J", "price": null}, {"capacity_(w)": "1000 W", "capacity_(va)": "1500 VA", "name": "APC SMT1500R2X180", "price": null}, {"capacity_(w)": "980 W", "capacity_(va)": "1500 VA", "name": "APC SUA1500RMJ2UB", "price": null}, {"capacity_(w)": "1980 W", "capacity_(va)": "2200 VA", "name": "APC SUA2200R2X147", "price": null}, {"capacity_(w)": "1980 W", "capacity_(va)": "2200 VA", "name": "APC SUA2200RM2U", "price": null}, {"capacity_(w)": "1980 W", "capacity_(va)": "2200 VA", "name": "APC SUA2200X115", "price": null}, {"capacity_(w)": "2700 W", "capacity_(va)": "3000 VA", "name": "APC SUA3000I", "price": null}, {"capacity_(w)": "2700 W", "capacity_(va)": "3000 VA", "name": "APC SUA3000RM2U", "price": null}, {"capacity_(w)": "2700 W", "capacity_(va)": "2880 VA", "name": "APC SMT3000RMUS", "price": "$1992.91"}, {"capacity_(w)": "2700 W", "capacity_(va)": "3000 VA", "name": "APC SMT3000R2X180", "price": null}, {"capacity_(w)": "2700 W", "capacity_(va)": "3000 VA", "name": "APC SMT3000RMI2U", "price": null}, {"capacity_(w)": "2700 W", "capacity_(va)": "3000 VA", "name": "APC SUA3000XL", "price": null}, {"capacity_(w)": "2250 W", "capacity_(va)": "3000 VA", "name": "APC SU3000RMTX136", "price": null}, {"capacity_(w)": "2700 W", "capacity_(va)": "3000 VA", "name": "APC SUA3000R2IX38", "price": null}, {"capacity_(w)": "2700 W", "capacity_(va)": "3000 VA", "name": "APC SUA3000RMI2U", "price": "$4890.50"}, {"capacity_(w)": "3750 W", "capacity_(va)": "5000 VA", "name": "APC SU5000R5TBX120", "price": null}, {"capacity_(w)": "410 W", "capacity_(va)": "620 VA", "name": "APC SC620X565", "price": null}, {"capacity_(w)": "450 W", "capacity_(va)": "700 VA", "name": "APC SU700X167", "price": null}, {"capacity_(w)": "450 W", "capacity_(va)": "700 VA", "name": "APC SU700X93", "price": "$605.99"}, {"capacity_(w)": "500 W", "capacity_(va)": "750 VA", "name": "APC SMT750", "price": "$257.97"}, {"capacity_(w)": "480 W", "capacity_(va)": "750 VA", "name": "APC SUA750RMI1U", "price": "$909.12"}, {"capacity_(w)": "480 W", "capacity_(va)": "750 VA", "name": "APC SUA750RMI2U", "price": null}, {"capacity_(w)": "480 W", "capacity_(va)": "750 VA", "name": "APC SUA750R2IX38", "price": null}, {"capacity_(w)": "480 W", "capacity_(va)": "750 VA", "name": "APC SUA750R2X338", "price": null}, {"capacity_(w)": "600 W", "capacity_(va)": "1000 VA", "name": "APC SMC1000-2U", "price": "$523.69"}, {"capacity_(w)": "600 W", "capacity_(va)": "1000 VA", "name": "APC SMC1000", "price": "$472.79"}, {"capacity_(w)": "900 W", "capacity_(va)": "1500 VA", "name": "APC SMC1500I-2U", "price": "$777.12"}, {"capacity_(w)": "800 W", "capacity_(va)": "1000 VA", "name": "APC SURTA1000XL", "price": null}, {"capacity_(w)": "800 W", "capacity_(va)": "1000 VA", "name": "APC SURTA1000RMXL2U", "price": null}, {"capacity_(w)": "1400 W", "capacity_(va)": "2000 VA", "name": "APC SURT2000RMXLI", "price": null}, {"capacity_(w)": "1400 W", "capacity_(va)": "2000 VA", "name": "APC SURT2000XLI", "price": null}, {"capacity_(w)": "2100 W", "capacity_(va)": "3000 VA", "name": "APC SURTD3000XLI", "price": null}, {"capacity_(w)": "2100 W", "capacity_(va)": "3000 VA", "name": "APC SURTD3000RMXLT3U", "price": null}, {"capacity_(w)": "3500 W", "capacity_(va)": "5000 VA", "name": "APC SURTD5000RMXLI", "price": null}, {"capacity_(w)": "3500 W", "capacity_(va)": "5000 VA", "name": "APC SURTD5000RMXLT3U", "price": null}, {"capacity_(w)": "4200 W", "capacity_(va)": "6000 VA", "name": "APC SURT6000RMXLT3U", "price": null}, {"capacity_(w)": "4200 W", "capacity_(va)": "6000 VA", "name": "APC SURT6000XLT", "price": null}, {"capacity_(w)": "1750 W", "capacity_(va)": "2200 VA", "name": "APC SURTA2200RMXL2U", "price": null}, {"capacity_(w)": "1750 W", "capacity_(va)": "2200 VA", "name": "APC SURTA2200XL", "price": null}, {"capacity_(w)": "600 W", "capacity_(va)": "1000 VA", "name": "APC SC1000", "price": null}, {"capacity_(w)": "600 W", "capacity_(va)": "1000 VA", "name": "APC SC1000I", "price": null}, {"capacity_(w)": "865 W", "capacity_(va)": "1500 VA", "name": "APC SC1500I", "price": "$676.80"}, {"capacity_(w)": "670 W", "capacity_(va)": "1000 VA", "name": "APC SMT1000I", "price": "$597.59"}, {"capacity_(w)": "1980 W", "capacity_(va)": "2200 VA", "name": "APC SMT2200RM2U", "price": "$1045.60"}, {"capacity_(w)": "1050 W", "capacity_(va)": "1400 VA", "name": "APC SU1400RMXLIB3U", "price": null}, {"capacity_(w)": "1980 W", "capacity_(va)": "2200 VA", "name": "APC SUA2200XLI", "price": null}, {"capacity_(w)": "2700 W", "capacity_(va)": "3000 VA", "name": "APC SUA3000RMXLI3U", "price": null}, {"capacity_(w)": "2700 W", "capacity_(va)": "3000 VA", "name": "APC SUA3000XLI", "price": null}, {"capacity_(w)": "2700 W", "capacity_(va)": "3000 VA", "name": "APC SUA3000XL-NETPKG", "price": null}, {"capacity_(w)": "2700 W", "capacity_(va)": "3000 VA", "name": "APC SUA3000XLT", "price": null}, {"capacity_(w)": "8400 W", "capacity_(va)": "12000 VA", "name": "APC SY12KEXBX120", "price": null}, {"capacity_(w)": "275 W", "capacity_(va)": "500 VA", "name": "Belkin F6C500-UNV", "price": null}, {"capacity_(w)": "16 W", "capacity_(va)": null, "name": "CyberPower CS16U48V-8", "price": null}, {"capacity_(w)": "24 W", "capacity_(va)": null, "name": "CyberPower CS24C12V2-E", "price": null}, {"capacity_(w)": "900 W", "capacity_(va)": "1500 VA", "name": "CyberPower OR1500PFCRT2U", "price": "$508.95"}, {"capacity_(w)": "5400 W", "capacity_(va)": "6000 VA", "name": "CyberPower OL6000RT3U", "price": null}, {"capacity_(w)": "550 W", "capacity_(va)": "800 VA", "name": "CyberPower PP800SW", "price": null}, {"capacity_(w)": "1500 W", "capacity_(va)": "2200 VA", "name": "CyberPower PR2200SWRM2U", "price": null}, {"capacity_(w)": "420 W", "capacity_(va)": "750 VA", "name": "CyberPower CP750LCDTAA", "price": "$129.16"}, {"capacity_(w)": "700 W", "capacity_(va)": "1000 VA", "name": "CyberPower PR1000LCDRT2UTAA", "price": null}, {"capacity_(w)": "525 W", "capacity_(va)": "750 VA", "name": "CyberPower PR750LCDTAA", "price": null}, {"capacity_(w)": null, "capacity_(va)": "500 VA", "name": "Fellowes 99066", "price": null}, {"capacity_(w)": "3000 W", "capacity_(va)": "3300 VA", "name": "HP AF467A", "price": null}, {"capacity_(w)": "3000 W", "capacity_(va)": "3300 VA", "name": "HP AF468A", "price": null}, {"capacity_(w)": "1000 W", "capacity_(va)": "1500 VA", "name": "HP AF418A", "price": null}, {"capacity_(w)": "1000 W", "capacity_(va)": "1500 VA", "name": "HP AF469A", "price": null}, {"capacity_(w)": "1000 W", "capacity_(va)": "1500 VA", "name": "HP AF471A", "price": null}, {"capacity_(w)": "670 W", "capacity_(va)": "1000 VA", "name": "HP AF448A", "price": null}, {"capacity_(w)": "670 W", "capacity_(va)": "1000 VA", "name": "HP AF449A", "price": null}, {"capacity_(w)": "950 W", "capacity_(va)": "1400 VA", "name": "HP AF450A", "price": null}, {"capacity_(w)": "950 W", "capacity_(va)": "1400 VA", "name": "HP AF451A", "price": null}, {"capacity_(w)": "500 W", "capacity_(va)": "750 VA", "name": "HP AF446A", "price": null}, {"capacity_(w)": "4500 W", "capacity_(va)": "5000 VA", "name": "HP AF460A", "price": null}, {"capacity_(w)": "500 W", "capacity_(va)": "750 VA", "name": "HP AF447A", "price": null}, {"capacity_(w)": "1050 W", "capacity_(va)": "1500 VA", "name": "IBM 2130R6X", "price": null}, {"capacity_(w)": "1000 W", "capacity_(va)": "1500 VA", "name": "IBM 53951AX", "price": null}, {"capacity_(w)": "1000 W", "capacity_(va)": "1500 VA", "name": "IBM 53951KX", "price": null}, {"capacity_(w)": "1920 W", "capacity_(va)": "2200 VA", "name": "IBM 53952KX", "price": null}, {"capacity_(w)": "2700 W", "capacity_(va)": "3000 VA", "name": "IBM 53953KX", "price": null}, {"capacity_(w)": "10000 W", "capacity_(va)": "11000 VA", "name": "IBM 53959KX", "price": null}, {"capacity_(w)": null, "capacity_(va)": "675 VA", "name": "Lenovo 33L3478", "price": null}, {"capacity_(w)": "300 W", "capacity_(va)": "500 VA", "name": "Tripp Lite SMART500RT1UTAA", "price": "$217.48"}, {"capacity_(w)": "420 W", "capacity_(va)": "700 VA", "name": "Tripp Lite OMNI700LCD", "price": "$115.71"}, {"capacity_(w)": "425 W", "capacity_(va)": "700 VA", "name": "Tripp Lite INTRNT OFFC700R", "price": "$159.69"}, {"capacity_(w)": "900 W", "capacity_(va)": "1500 VA", "name": "Tripp Lite HTRL15UPS", "price": null}, {"capacity_(w)": "480 W", "capacity_(va)": "900 VA", "name": "Tripp Lite AVR900UTAA", "price": "$288.18"}, {"capacity_(w)": "175 W", "capacity_(va)": "300 VA", "name": "Tripp Lite BCPERS300", "price": "$118.36"}, {"capacity_(w)": "705 W", "capacity_(va)": "1050 VA", "name": "Tripp Lite BCPRO1050", "price": "$306.48"}, {"capacity_(w)": "450 W", "capacity_(va)": "750 VA", "name": "Tripp Lite HT850UPS", "price": "$183.58"}, {"capacity_(w)": "280 W", "capacity_(va)": "500 VA", "name": "Tripp Lite INTERNETOFFICE500", "price": "$150.23"}, {"capacity_(w)": "425 W", "capacity_(va)": "700 VA", "name": "Tripp Lite INTERNETOFFICE700", "price": "$164.79"}, {"capacity_(w)": "475 W", "capacity_(va)": "800 VA", "name": "Tripp Lite OMNIVSINT800", "price": "$202.73"}, {"capacity_(w)": "300 W", "capacity_(va)": "500 VA", "name": "Tripp Lite OMNIVS500U", "price": null}, {"capacity_(w)": "940 W", "capacity_(va)": "1400 VA", "name": "Tripp Lite OMNISMART1400", "price": null}, {"capacity_(w)": "940 W", "capacity_(va)": "1400 VA", "name": "Tripp Lite OMNISMART1400PNP", "price": null}, {"capacity_(w)": "180 W", "capacity_(va)": "300 VA", "name": "Tripp Lite OMNI SMT300PNP", "price": "$170.90"}, {"capacity_(w)": "225 W", "capacity_(va)": "330 VA", "name": "Tripp Lite OMNISMART350HG", "price": "$306.30"}, {"capacity_(w)": "425 W", "capacity_(va)": "700 VA", "name": "Tripp Lite OMNISMART700", "price": "$257.57"}, {"capacity_(w)": "500 W", "capacity_(va)": "750 VA", "name": "Tripp Lite OMNI750ISO", "price": "$350.49"}, {"capacity_(w)": "300 W", "capacity_(va)": "500 VA", "name": "Tripp Lite OMNISMARTINT500PNP", "price": null}, {"capacity_(w)": "225 W", "capacity_(va)": "350 VA", "name": "Tripp Lite OMNIX350HG", "price": "$461.17"}, {"capacity_(w)": "940 W", "capacity_(va)": "1500 VA", "name": "Tripp Lite OMNIX1500XLTAA", "price": null}, {"capacity_(w)": "300 W", "capacity_(va)": "500 VA", "name": "Tripp Lite POS500", "price": "$242.88"}, {"capacity_(w)": "1920 W", "capacity_(va)": "2200 VA", "name": "Tripp Lite SMART2500XLHG", "price": "$2007.49"}, {"capacity_(w)": "300 W", "capacity_(va)": "500 VA", "name": "Tripp Lite SM500RMNAFTA", "price": "$465.89"}, {"capacity_(w)": "500 W", "capacity_(va)": "1000 VA", "name": "Tripp Lite SMART1000LCDTAA", "price": "$246.47"}, {"capacity_(w)": "650 W", "capacity_(va)": "1050 VA", "name": "Tripp Lite SMART1050SLTAA", "price": "$653.14"}, {"capacity_(w)": "1440 W", "capacity_(va)": "1500 VA", "name": "Tripp Lite SMART1500CRMXL", "price": "$867.42"}, {"capacity_(w)": "980 W", "capacity_(va)": "1500 VA", "name": "Tripp Lite SMART1500XLTAA", "price": null}, {"capacity_(w)": "1700 W", "capacity_(va)": "2200 VA", "name": "Tripp Lite SMART2200", "price": "$1005.07"}, {"capacity_(w)": "2250 W", "capacity_(va)": "3000 VA", "name": "Tripp Lite SMART3000RM2UN", "price": "$1412.14"}, {"capacity_(w)": "450 W", "capacity_(va)": "750 VA", "name": "Tripp Lite SMART750USBTAA", "price": "$276.57"}, {"capacity_(w)": "500 W", "capacity_(va)": "750 VA", "name": "Tripp Lite SMART750XLA", "price": "$503.21"}, {"capacity_(w)": "1200 W", "capacity_(va)": "1500 VA", "name": "Tripp Lite SUINT1500RTXL2UA", "price": null}, {"capacity_(w)": "5400 W", "capacity_(va)": "6000 VA", "name": "Tripp Lite SU6000RT4UHVHW", "price": "$4086.32"}, {"capacity_(w)": "5400 W", "capacity_(va)": "6000 VA", "name": "Tripp Lite SU6000RT4UTFHW", "price": "$3994.73"}, {"capacity_(w)": "800 W", "capacity_(va)": "1000 VA", "name": "Tripp Lite SU1000RTXL2UA", "price": "$560.39"}, {"capacity_(w)": "7000 W", "capacity_(va)": "10000 VA", "name": "Tripp Lite SU10KRT3U", "price": "$6875.49"}, {"capacity_(w)": "1200 W", "capacity_(va)": "1500 VA", "name": "Tripp Lite SU1500RMNAFTA", "price": "$1025.40"}, {"capacity_(w)": "1800 W", "capacity_(va)": "2200 VA", "name": "Tripp Lite SU2200XLCD", "price": "$1065.14"}, {"capacity_(w)": "2400 W", "capacity_(va)": "3000 VA", "name": "Tripp Lite SU3000RTXL3UHV", "price": null}, {"capacity_(w)": "2400 W", "capacity_(va)": "3000 VA", "name": "Tripp Lite SU3000XLNAFTA", "price": null}, {"capacity_(w)": "3500 W", "capacity_(va)": "5000 VA", "name": "Tripp Lite SU5000RT3U", "price": null}, {"capacity_(w)": "3500 W", "capacity_(va)": "5000 VA", "name": "Tripp Lite SU5000RT3UHV", "price": null}, {"capacity_(w)": "4200 W", "capacity_(va)": "6000 VA", "name": "Tripp Lite SU6000RT3U", "price": null}, {"capacity_(w)": "4200 W", "capacity_(va)": "6000 VA", "name": "Tripp Lite SU6000RT3UHV", "price": null}, {"capacity_(w)": "6400 W", "capacity_(va)": "8000 VA", "name": "Tripp Lite SU8000RT3U", "price": null}, {"capacity_(w)": "800 W", "capacity_(va)": "1000 VA", "name": "Tripp Lite SUINT1000RTXL2UA", "price": "$1007.82"}, {"capacity_(w)": "1400 W", "capacity_(va)": "2000 VA", "name": "Tripp Lite SUINT2000XL", "price": null}, {"capacity_(w)": "1600 W", "capacity_(va)": "2200 VA", "name": "Tripp Lite SUINT2200RTXL2UA", "price": null}, {"capacity_(w)": "2400 W", "capacity_(va)": "3000 VA", "name": "Tripp Lite SUINT3000RTXL3U", "price": null}, {"capacity_(w)": "705 W", "capacity_(va)": "1050 VA", "name": "Tripp Lite SMART1050", "price": null}, {"capacity_(w)": "2250 W", "capacity_(va)": "3000 VA", "name": "Tripp Lite SMARTINT3000VS", "price": "$1465.46"}, {"capacity_(w)": "4000 W", "capacity_(va)": "5000 VA", "name": "Tripp Lite SMART5000RT3UXR", "price": null}, {"capacity_(w)": "300 W", "capacity_(va)": "500 VA", "name": "Tripp Lite SMX500RT1U", "price": "$241.43"}, {"capacity_(w)": "300 W", "capacity_(va)": "500 VA", "name": "Tripp Lite SMART500RT1U", "price": "$167.19"}, {"capacity_(w)": "450 W", "capacity_(va)": "750 VA", "name": "Tripp Lite SMART750", "price": "$274.10"}, {"capacity_(w)": "705 W", "capacity_(va)": "1050 VA", "name": "Tripp Lite SM1050NAFTA", "price": null}, {"capacity_(w)": "1700 W", "capacity_(va)": "2200 VA", "name": "Tripp Lite SM2200NAFTA", "price": null}, {"capacity_(w)": "2400 W", "capacity_(va)": "3000 VA", "name": "Tripp Lite SM3000NAFTA", "price": null}, {"capacity_(w)": "2250 W", "capacity_(va)": "3000 VA", "name": "Tripp Lite SM3000RMNAFTA", "price": null}, {"capacity_(w)": "2880 W", "capacity_(va)": "3000 VA", "name": "Tripp Lite SMART3000RMOD2U", "price": null}, {"capacity_(w)": "650 W", "capacity_(va)": "1050 VA", "name": "Tripp Lite SMX1050SLT", "price": null}, {"capacity_(w)": "750 W", "capacity_(va)": "1000 VA", "name": "Tripp Lite SMX1200XLHG", "price": "$826.22"}, {"capacity_(w)": "900 W", "capacity_(va)": "1500 VA", "name": "Tripp Lite SMX1500SLT", "price": "$624.02"}, {"capacity_(w)": "450 W", "capacity_(va)": "700 VA", "name": "Tripp Lite SMART700SER", "price": "$284.50"}, {"capacity_(w)": "450 W", "capacity_(va)": "700 VA", "name": "Tripp Lite SMART700", "price": "$382.10"}, {"capacity_(w)": "980 W", "capacity_(va)": "1500 VA", "name": "Tripp Lite SMART1500XL", "price": "$560.09"}, {"capacity_(w)": "450 W", "capacity_(va)": "750 VA", "name": "Tripp Lite SMART750XL", "price": null}, {"capacity_(w)": "675 W", "capacity_(va)": "750 VA", "name": "Tripp Lite SU750RTXLCD2U", "price": "$585.66"}, {"capacity_(w)": "900 W", "capacity_(va)": "1500 VA", "name": "APC SMC1500-2U", "price": null}, {"capacity_(w)": "2100 W", "capacity_(va)": "3000 VA", "name": "APC SURTA3000RMXL", "price": null}, {"capacity_(w)": "2100 W", "capacity_(va)": "3000 VA", "name": "APC SURTD3KRMXL3U-TF5", "price": null}, {"capacity_(w)": "980 W", "capacity_(va)": "1440 VA", "name": "APC SUA1500-RF", "price": null}]