[{"protocol": "802.11a/b/g/n/ac", "interface": "PCIe x1", "color": null, "name": "Gigabyte GC-WB867D-I", "price": "$46.65"}, {"protocol": "802.11b/g/n", "interface": "PCIe x1", "color": null, "name": "TP-Link TL-WN881ND", "price": "$26.08"}, {"protocol": "802.11a/b/g/n/ac", "interface": "PCIe x1", "color": null, "name": "Asus PCE-AC55BT B1", "price": "$40.39"}, {"protocol": "802.11a/b/g/n/ac", "interface": "PCIe x1", "color": null, "name": "Asus PCE-AC68", "price": "$74.08"}, {"protocol": "802.11a/b/g/n/ac", "interface": "PCIe x1", "color": null, "name": "TP-Link Archer T6E AC1300", "price": "$42.29"}, {"protocol": "802.11a/b/g/n/ac", "interface": "PCIe x1", "color": null, "name": "TP-Link Archer T4E", "price": "$36.99"}, {"protocol": "802.11b/g/n", "interface": "USB 2.0", "color": null, "name": "TP-Link TL-WN725N", "price": "$15.89"}, {"protocol": "802.11a/b/g/n/ac", "interface": "PCIe x1", "color": null, "name": "Asus PCE-AC56", "price": "$60.89"}, {"protocol": "802.11a/b/g/n/ac", "interface": "PCIe x1", "color": null, "name": "Asus PCE-AC51", "price": "$39.35"}, {"protocol": "802.11a/b/g/n/ac", "interface": "USB 3.0", "color": null, "name": "Netgear A6210-100PAS", "price": "$51.60"}, {"protocol": "802.11a/b/g/n/ax", "interface": "PCIe x1", "color": "Black", "name": "Asus PCE-AX58BT", "price": "$77.49"}, {"protocol": "802.11a/b/g/n/ac", "interface": "PCIe x1", "color": null, "name": "Asus PCE-AC88", "price": "$103.69"}, {"protocol": "802.11a/b/g/n", "interface": "PCIe x1", "color": null, "name": "TP-Link TL-WDN4800", "price": "$254.48"}, {"protocol": "802.11b/g/n", "interface": "USB 2.0", "color": null, "name": "Belkin E9L3000", "price": "$237.88"}, {"protocol": "802.11a/b/g/n/ac", "interface": "USB 2.0", "color": "Black", "name": "TP-Link ARCHER T2U PLUS", "price": "$21.58"}, {"protocol": "802.11a/b/g/n", "interface": "PCIe x1", "color": null, "name": "Intel 62205ANHMWDTX1", "price": "$258.55"}, {"protocol": "802.11a/b/g/n/ac", "interface": "PCIe x1", "color": "Black", "name": "Gigabyte GC-WB1733D-I", "price": null}, {"protocol": "802.11a/b/g/n/ac", "interface": "USB 2.0", "color": null, "name": "TP-Link Archer T2UH", "price": "$33.51"}, {"protocol": "802.11a/b/g/n/ac", "interface": "PCIe x1", "color": null, "name": "TP-Link Archer T9E", "price": "$79.79"}, {"protocol": "802.11a/b/g/n/ac", "interface": "USB 3.0", "color": null, "name": "Asus USB-AC56", "price": "$63.89"}, {"protocol": "802.11a/b/g/n/ac", "interface": "PCIe x1", "color": "Black", "name": "MSI AC905C", "price": "$35.27"}, {"protocol": "802.11a/b/g/n/ac", "interface": "USB 3.0", "color": "Black", "name": "Netgear Nighthawk AC1900 A7000-10000S", "price": "$69.38"}, {"protocol": "802.11a/b/g/n", "interface": "USB 2.0", "color": null, "name": "Netgear WNDA4100-100NAS", "price": "$176.89"}, {"protocol": "802.11b/g/n", "interface": "PCIe x1", "color": null, "name": "Rosewill RNX-N250PCe", "price": "$15.09"}, {"protocol": "802.11b/g/n", "interface": "PCIe x1", "color": null, "name": "Asus PCE-N15", "price": null}, {"protocol": "802.11a/b/g/n/ac", "interface": "PCIe x1", "color": "Black / Silver", "name": "Gigabyte GC-WBAX200", "price": "$47.59"}, {"protocol": "802.11a/b/g/n", "interface": "PCIe x1", "color": "Green / Black", "name": "Syba SY-PEX23059", "price": "$19.79"}, {"protocol": "802.11a/b/g/n/ac", "interface": "PCIe x1", "color": null, "name": "Asus PCE-AC55BT", "price": "$54.58"}, {"protocol": "802.11b/g/n", "interface": "USB 2.0", "color": null, "name": "Linksys AE1200", "price": "$14.68"}, {"protocol": "802.11a/b/g/n/ac", "interface": "USB 2.0", "color": "Black", "name": "BrosTrend AC5", "price": null}, {"protocol": "802.11a/b/g/n/ac", "interface": "USB 3.0", "color": "Black", "name": "TP-Link Archer T3U", "price": "$26.99"}, {"protocol": "802.11a/b/g/n/ac", "interface": "PCIe x1", "color": "Black / Orange", "name": "fenvi FV-8802", "price": "$26.99"}, {"protocol": "802.11b/g/n", "interface": "USB 2.0", "color": null, "name": "TP-Link TL-WN722N", "price": "$14.99"}, {"protocol": "802.11b/g/n", "interface": "PCIe x1", "color": null, "name": "TP-Link TL-WN781ND", "price": null}, {"protocol": "802.11a/b/g/n/ac", "interface": "PCIe x1", "color": "Black", "name": "Rosewill RNX-AC600PCEv3", "price": "$39.39"}, {"protocol": "802.11a/b/g/n/ac", "interface": "PCIe x1", "color": null, "name": "Gigabyte GC-WB867D-I REV 4.2", "price": null}, {"protocol": "802.11a/b/g/n/ac", "interface": "USB 3.0", "color": "Black", "name": "Inamax 4332804407", "price": "$27.58"}, {"protocol": "802.11a/b/g/n/ac", "interface": "PCIe x1", "color": "Blue", "name": "Asus PCE-AC58BT", "price": "$45.69"}, {"protocol": "802.11a/b/g/n/ac", "interface": "PCIe x1", "color": "Red / Black", "name": "Rosewill RNX-AC1900PCEv2", "price": "$60.79"}, {"protocol": "802.11a/b/g/n/ac", "interface": "PCIe x1", "color": "Black", "name": "TP-Link Archer T4E", "price": "$29.09"}, {"protocol": "802.11b/g/n", "interface": "USB 2.0", "color": null, "name": "TP-Link TL-WN823N", "price": "$14.39"}, {"protocol": "802.11a/b/g/n/ac", "interface": "PCIe x1", "color": null, "name": "Rosewill RNX-AC1900PCE", "price": "$62.49"}, {"protocol": "802.11a/b/g/n/ac", "interface": "PCIe x1", "color": "Black / Gold", "name": "fenvi FV-T919", "price": "$68.99"}, {"protocol": "802.11a/b/g/n/ac", "interface": "USB 3.0", "color": "Black", "name": "BrosTrend AC3", "price": "$27.59"}, {"protocol": "802.11b/g/n", "interface": "USB 2.0", "color": null, "name": "Asus USB-N13", "price": "$25.89"}, {"protocol": "802.11a/b/g/n/ac", "interface": "USB 3.0", "color": null, "name": "Asus USB-AC68", "price": "$99.49"}, {"protocol": "802.11a/b/g/n/ac", "interface": "USB 2.0", "color": null, "name": "TP-Link Archer T2U", "price": "$25.99"}, {"protocol": "802.11a/b/g/n/ac", "interface": "USB 2.0", "color": "Black", "name": "Hawking Technology HW12ACU", "price": "$32.59"}, {"protocol": "802.11a/b/g/n/ac", "interface": "PCIe x1", "color": null, "name": "TP-Link Archer T8E", "price": "$164.34"}, {"protocol": "802.11a/b/g/n/ac", "interface": "USB 3.0", "color": null, "name": "TP-Link Archer T4U", "price": "$41.49"}, {"protocol": "802.11g/n", "interface": "USB 2.0", "color": null, "name": "D-Link DWA-121", "price": null}, {"protocol": "802.11a/b/g/n/ac", "interface": "USB 3.0", "color": null, "name": "TRENDnet TEW-805UB", "price": "$24.89"}, {"protocol": "802.11a/b/g/n/ac", "interface": "PCIe x1", "color": null, "name": "D-Link DWA-582", "price": "$63.09"}, {"protocol": "802.11a/b/g/n/ac", "interface": "USB 2.0", "color": null, "name": "Edimax EW-7811UTC", "price": "$18.20"}, {"protocol": "802.11b/g/n", "interface": "USB 2.0", "color": null, "name": "TP-Link TL-WN822N", "price": "$37.48"}, {"protocol": "802.11a/b/g/n/ac", "interface": "USB 2.0", "color": null, "name": "Asus USB-AC53 NANO", "price": "$34.75"}, {"protocol": "802.11a/b/g/n", "interface": "USB 2.0", "color": null, "name": "Belkin F9L1101", "price": "$132.29"}, {"protocol": "802.11a/b/g/n/ac", "interface": "USB 2.0", "color": null, "name": "Netgear A6100-100PAS", "price": "$40.09"}, {"protocol": "802.11a/b/g/n", "interface": "USB 2.0", "color": "Black / Gold", "name": "TP-Link Archer T2U Nano", "price": "$19.68"}, {"protocol": "802.11b/g/n", "interface": "PCIe x1", "color": "Green", "name": "Edimax EW-7612PIN V2", "price": "$16.80"}, {"protocol": "802.11b/g/n", "interface": "USB 2.0", "color": null, "name": "Rosewill RNX-N150UBE", "price": "$21.79"}, {"protocol": "802.11a/b/g/n/ac", "interface": "USB 3.0", "color": null, "name": "Linksys WUSB6300", "price": "$44.38"}, {"protocol": "802.11b/g/n", "interface": "USB 2.0", "color": null, "name": "Rosewill RNX-N150NUB", "price": "$13.49"}, {"protocol": "802.11b/g/n", "interface": "PCIe x1", "color": null, "name": "Asus PCE-N10", "price": null}, {"protocol": "802.11a/b/g/n/ac", "interface": "PCIe x1", "color": null, "name": "Intel 7260HMWDTX1", "price": null}, {"protocol": "802.11a/b/g/n/ac", "interface": "USB 3.0", "color": "Black", "name": "BrosTrend AC1", "price": "$23.58"}, {"protocol": "802.11b/g/n", "interface": "USB 2.0", "color": null, "name": "TP-Link TL-WN821N", "price": "$22.49"}, {"protocol": "802.11a/b/g/n/ac", "interface": "PCIe x1", "color": "Green", "name": "Rosewill RNX-AC1200PCEv2", "price": "$33.69"}, {"protocol": "802.11a/b/g/n/ac", "interface": "USB 3.0", "color": "Black", "name": "Edimax EW-7822UTC", "price": "$24.20"}, {"protocol": "802.11a/b/g/n/ac", "interface": "Mini-PCIe", "color": null, "name": "Intel 7260", "price": "$31.89"}, {"protocol": "802.11b/g/n", "interface": "USB 2.0", "color": null, "name": "Edimax EW-7811Un", "price": "$17.75"}, {"protocol": "802.11b/g/n", "interface": "PCIe x1", "color": null, "name": "Encore ENEWI-1XN42", "price": "$34.70"}, {"protocol": "802.11a/b/g/n", "interface": "PCIe x1", "color": null, "name": "Asus PCE-N53", "price": "$126.60"}, {"protocol": "802.11a/b/g/n/ac", "interface": "USB 2.0", "color": "Black", "name": "Netgear A6100-10000S", "price": "$39.69"}, {"protocol": "802.11a/b/g/n/ac", "interface": "PCIe x1", "color": null, "name": "Feb Smart FS-N600 Basic Edition", "price": null}, {"protocol": "802.11b/g/n", "interface": "PCIe x1", "color": null, "name": "D-Link DWA-548", "price": "$122.91"}, {"protocol": "802.11a/b/g/n/ac", "interface": "PCIe x1", "color": null, "name": "Intel 7260HMWDTX1", "price": null}, {"protocol": "802.11a/b/g/n/ac", "interface": "USB 3.0", "color": "Black", "name": "TP-Link Archer T4U V2", "price": "$36.59"}, {"protocol": "802.11a/b/g/n/ac", "interface": "USB 3.0", "color": "Black", "name": "TP-Link Archer T9UH", "price": "$52.19"}, {"protocol": "802.11b/g/n/ac", "interface": "PCIe x1", "color": null, "name": "Asus PCE-AC66", "price": null}, {"protocol": "802.11b/g/n", "interface": "PCIe x1", "color": null, "name": "StarTech PEX300WN2X2", "price": "$31.69"}, {"protocol": "802.11a/b/g/n/ac", "interface": "USB 2.0", "color": null, "name": "D-Link DWA-171", "price": "$32.04"}, {"protocol": "802.11b/g/n", "interface": "USB 2.0", "color": null, "name": "Hawking Technology HAWNU2", "price": "$175.39"}, {"protocol": "802.11a/b/g/n/ac", "interface": "USB 2.0", "color": null, "name": "Edimax EW-7811UAC", "price": "$26.39"}, {"protocol": "802.11n", "interface": "USB 1.0", "color": null, "name": "Belkin F9L1103", "price": "$210.33"}, {"protocol": "802.11a/b/g/n/ac", "interface": "USB 3.0", "color": "Black", "name": "Asus USB-AC55 B1", "price": "$43.29"}, {"protocol": "802.11a/b/g/n/ac", "interface": "USB 2.0", "color": null, "name": "TRENDnet TEW-806UBH", "price": null}, {"protocol": "802.11a/b/g/n/ac", "interface": "PCIe x1", "color": "Red / Black", "name": "BrosTrend AC6", "price": null}, {"protocol": "802.11a/b/g/n/ac", "interface": "USB 3.0", "color": "Black", "name": "Rosewill RNX-AC1200UBv2", "price": "$33.39"}, {"protocol": "802.11a/b/g/n/ac", "interface": "USB 3.0", "color": "Black", "name": "Linksys WUSB6100M", "price": "$34.79"}, {"protocol": "802.11a/b/g/n/ac", "interface": "USB 2.0", "color": null, "name": "Asus USB-AC51", "price": null}, {"protocol": "802.11a/b/g/n", "interface": "Half Mini-PCIe", "color": null, "name": "Intel 6235ANHMW", "price": null}, {"protocol": "802.11a/b/g/n/ac", "interface": "USB 2.0", "color": "Black", "name": "Netgear A6150-100PAS", "price": "$50.89"}, {"protocol": "802.11a/b/g/n", "interface": "PCIe x1", "color": null, "name": "Rosewill N900PCE", "price": null}, {"protocol": "802.11a/b/g/n/ac", "interface": "PCIe x1", "color": null, "name": "Edimax EW-7822PIC", "price": "$111.46"}, {"protocol": "802.11b/g/n", "interface": "USB 2.0", "color": null, "name": "TRENDnet TEW-648UB", "price": "$21.78"}, {"protocol": "802.11a/g/n/ac", "interface": "USB 3.0", "color": null, "name": "D-Link DWA-192", "price": "$98.49"}, {"protocol": "802.11a/b/g/n/ac", "interface": "USB 2.0", "color": "Black", "name": "TRENDnet TEW-808UBM", "price": "$26.01"}, {"protocol": "802.11ac", "interface": "Mini-PCIe", "color": null, "name": "Intel 7260HMW", "price": null}, {"protocol": "802.11a/b/g/n/ac", "interface": "USB 3.0", "color": null, "name": "TP-Link Archer T4UH", "price": "$59.89"}, {"protocol": "802.11a/b/g/n/ac", "interface": "PCIe x1", "color": "Green / Black", "name": "HP 9260", "price": "$57.09"}, {"protocol": "802.11a/b/g/n/ac", "interface": "PCIe x1", "color": null, "name": "Rosewill RNX-AC1200PCE", "price": "$48.49"}, {"protocol": "802.11b/g/n/ac", "interface": "PCIe x1", "color": "Red / Black", "name": "Rosewill RNX-AC2030PCE", "price": "$85.78"}, {"protocol": "802.11b/g/n", "interface": "USB 2.0", "color": null, "name": "D-Link DWA-131", "price": null}, {"protocol": "802.11a/b/g/n", "interface": "PCIe x1", "color": null, "name": "TP-Link TL-WDN3800", "price": null}, {"protocol": "802.11b/g/n", "interface": "USB 2.0", "color": null, "name": "TP-Link TL-WN8200ND", "price": null}, {"protocol": "802.11n", "interface": "USB 2.0", "color": null, "name": "Cisco AE1200", "price": null}, {"protocol": "802.11a/b/g/n", "interface": "PCIe x1", "color": null, "name": "Rosewill RNX-N600PCE_v2.0", "price": "$32.69"}, {"protocol": "802.11b/g/n", "interface": "USB 2.0", "color": null, "name": "TRENDnet TEW-648UBM", "price": "$17.89"}, {"protocol": "802.11b/g/n", "interface": "PCI", "color": null, "name": "TP-Link TL-WN951N", "price": "$251.88"}, {"protocol": "802.11b/g/n", "interface": "USB 2.0", "color": null, "name": "Rosewill RNX-N300UB", "price": "$23.98"}, {"protocol": "802.11a/b/g/n", "interface": "USB 2.0", "color": null, "name": "Asus USB-N53", "price": "$114.88"}, {"protocol": "802.11b/g/n", "interface": "USB 2.0", "color": null, "name": "StarTech USB150WN1X1", "price": "$16.39"}, {"protocol": "802.11b/g/n", "interface": "USB 2.0", "color": null, "name": "Belkin F9L1002", "price": "$20.58"}, {"protocol": "802.11a/b/g/n/ac", "interface": "USB 2.0", "color": null, "name": "Asus USB-AC53", "price": "$45.34"}, {"protocol": "802.11a/b/g/n", "interface": "USB 2.0", "color": null, "name": "Linksys AE3000-NP", "price": null}, {"protocol": "802.11a/g/n", "interface": "Half Mini-PCIe", "color": null, "name": "Intel 62205AN.HMWWB", "price": "$10.29"}, {"protocol": "802.11a/b/g/n", "interface": "PCI", "color": null, "name": "Linksys WMP600N", "price": "$64.64"}, {"protocol": "802.11b/g/n", "interface": "PCI", "color": null, "name": "TP-Link TL-WN851ND", "price": "$45.96"}, {"protocol": "802.11b/g/n", "interface": "PCIe x1", "color": null, "name": "Syba SY-PEX23063", "price": null}, {"protocol": "802.11b/g/n", "interface": "PCIe x1", "color": null, "name": "Rosewill RNX-N150PCe", "price": "$54.50"}, {"protocol": "802.11a/b/g/n/ac", "interface": "USB 2.0", "color": null, "name": "D-Link DWA-182", "price": "$33.46"}, {"protocol": "802.11b/g/n", "interface": "USB 2.0", "color": null, "name": "Rosewill RNX-N180UB", "price": "$26.69"}, {"protocol": "802.11a/b/g/n/ac", "interface": "USB 2.0", "color": "Black", "name": "Rosewill RNX-AC600NUBv2", "price": "$24.00"}, {"protocol": "802.11b/g/n", "interface": "PCIe x1", "color": null, "name": "Edimax EW-7612PIn", "price": "$39.39"}, {"protocol": "802.11g/n", "interface": "PCI", "color": null, "name": "D-Link DWA-552", "price": "$75.28"}, {"protocol": "802.11a/b/g/n/ac", "interface": "USB 3.0", "color": null, "name": "Asus USB-AC55", "price": null}, {"protocol": "802.11b/g/n", "interface": "PCI", "color": null, "name": "Netgear WN311B-100NAS", "price": "$60.52"}, {"protocol": "802.11a/b/g/n/ac", "interface": "USB 3.0", "color": "Black", "name": "BrosTrend AC1L", "price": "$31.29"}, {"protocol": "802.11b/g/n", "interface": "USB 2.0", "color": null, "name": "Rosewill RNX-N180UBE", "price": "$22.49"}, {"protocol": "802.11a/b/g/n/ac", "interface": "USB 3.0", "color": null, "name": "Edimax EW-7822UAC", "price": "$28.20"}, {"protocol": "802.11b/g/n", "interface": "PCI", "color": null, "name": "TRENDnet TEW-643PI", "price": "$19.90"}, {"protocol": "802.11a/b/g/n", "interface": "USB 2.0", "color": null, "name": "Netgear WNDA3100-100NAS", "price": "$49.39"}, {"protocol": "802.11a/n/ac", "interface": "USB 2.0", "color": null, "name": "TP-Link Archer T1U", "price": "$25.73"}, {"protocol": "802.11b/g/n", "interface": "PCIe x1", "color": null, "name": "Intel 2200BNHMWDTX1", "price": "$81.59"}, {"protocol": "802.11b/g/n", "interface": "USB 2.0", "color": null, "name": "Netgear WNA3100-100ENS", "price": null}, {"protocol": "802.11a/b/g/n", "interface": "USB 2.0", "color": null, "name": "Linksys AE3000", "price": "$95.58"}, {"protocol": "802.11b/g/n", "interface": "USB 2.0", "color": null, "name": "TRENDnet TEW-649UB", "price": "$92.62"}, {"protocol": "802.11a/b/g/n/ac", "interface": "USB 3.0", "color": "Black", "name": "BrosTrend AC3L Linux Wi-Fi Adapter", "price": "$37.69"}, {"protocol": "802.11a/b/g/n/ac", "interface": "PCIe x1", "color": null, "name": "TRENDnet TEW-807ECH", "price": "$43.05"}, {"protocol": "802.11a/b/g/n/ac", "interface": "PCIe x1", "color": "Green / Black", "name": "HP 8265", "price": "$73.79"}, {"protocol": "802.11a/b/g/n/ac", "interface": "USB 3.0", "color": "Black", "name": "TP-Link ARCHER T4UHP", "price": null}, {"protocol": "802.11b/g/n", "interface": "PCIe x1", "color": null, "name": "HP FH971AA", "price": null}, {"protocol": "802.11b/g/n", "interface": "USB 2.0", "color": null, "name": "Rosewill RNX-N150HG", "price": null}, {"protocol": "802.11b/g/n/ac", "interface": "USB 2.0", "color": "Black", "name": "InFocus INA-WIFIUSB-4", "price": null}, {"protocol": "802.11b/g/n", "interface": "USB 2.0", "color": null, "name": "Asus USB-N10", "price": null}, {"protocol": "802.11a/b/g/n/ac", "interface": "USB 3.0", "color": "Black", "name": "Rosewill RNX-AC1900UB", "price": "$33.59"}, {"protocol": "802.11a/b/g/n/ac", "interface": "PCIe x1", "color": null, "name": "StarTech PEX867WAC22", "price": "$79.98"}, {"protocol": "802.11a/b/g/n", "interface": "PCIe x1", "color": null, "name": "Rosewill N600PCE", "price": "$75.48"}, {"protocol": "802.11b/g/n", "interface": "USB 2.0", "color": null, "name": "Syba SY-ADA23026", "price": "$19.39"}, {"protocol": "802.11a/b/g/n/ac", "interface": "USB 2.0", "color": null, "name": "Linksys AE6000", "price": "$37.36"}, {"protocol": "802.11a/b/g/n/ac", "interface": "USB 2.0", "color": null, "name": "Hawking Technology HD65U", "price": "$68.09"}, {"protocol": "802.11a/b/g/n", "interface": "USB 2.0", "color": null, "name": "TP-Link TL-WDN3200", "price": null}, {"protocol": "802.11a/b/g/n", "interface": "USB 2.0", "color": null, "name": "Belkin E9L7500", "price": "$177.63"}, {"protocol": "802.11a/b/g/n", "interface": "USB 2.0", "color": null, "name": "Belkin E9L6000", "price": "$126.82"}, {"protocol": "802.11g/n", "interface": "PCI", "color": null, "name": "D-Link DWA-525", "price": null}, {"protocol": "802.11n", "interface": "USB 2.0", "color": null, "name": "Cisco AE2500", "price": null}, {"protocol": "802.11b/g/n", "interface": "PCI", "color": null, "name": "Rosewill RNX-N150PCx", "price": "$201.85"}, {"protocol": "802.11b/g", "interface": "USB 2.0", "color": "Black", "name": "Sabrent USBG802", "price": "$13.33"}, {"protocol": "802.11b/g/n", "interface": "USB 2.0", "color": null, "name": "Encore ENUWI-2XN42", "price": "$17.48"}, {"protocol": "802.11b/g/n", "interface": "USB 2.0", "color": null, "name": "Encore ENUWI-1XN45", "price": null}, {"protocol": "802.11b/g/n", "interface": "PCIe x1", "color": null, "name": "Encore ENEWI-1XN45", "price": null}, {"protocol": "802.11b/g/n", "interface": "USB 2.0", "color": null, "name": "Encore ENUWI-1XN42", "price": null}, {"protocol": "802.11a/b/g/n", "interface": "USB 2.0", "color": null, "name": "Linksys WUSB600N", "price": "$59.89"}, {"protocol": "802.11b/g/n", "interface": "PCI", "color": null, "name": "Rosewill RNX-N300X", "price": "$77.25"}, {"protocol": "802.11b/g/n", "interface": "USB 2.0", "color": null, "name": "Linksys AE1200-NP", "price": "$36.49"}, {"protocol": "802.11a/b/g/n", "interface": "USB 2.0", "color": null, "name": "TRENDnet TEW-684UB", "price": "$23.98"}, {"protocol": "802.11a/g/n", "interface": "PCIe x1", "color": null, "name": "D-Link DWA-566", "price": "$73.14"}, {"protocol": "802.11a/b/g/n", "interface": "USB 2.0", "color": null, "name": "Linksys AE2500-NP", "price": "$135.60"}, {"protocol": "802.11a/b/g/n", "interface": "Half Mini-PCIe", "color": null, "name": "Intel 633AN.HMWWB", "price": "$22.89"}, {"protocol": "802.11b/g/n", "interface": "USB 2.0", "color": null, "name": "Netgear WNA3100M-100ENS", "price": "$72.28"}, {"protocol": "802.11a/b/g/n", "interface": "PCIe x1", "color": null, "name": "TRENDnet TEW-726EC", "price": "$94.68"}, {"protocol": "802.11n", "interface": "USB 2.0", "color": null, "name": "Belkin F7D2102TT", "price": "$40.95"}, {"protocol": "802.11b/g/n", "interface": "USB 2.0", "color": null, "name": "Hawking Technology HWUN4", "price": "$111.63"}, {"protocol": "802.11b/g", "interface": "PCI", "color": null, "name": "TP-Link TL-WN350GD", "price": "$57.60"}, {"protocol": "802.11b/g/n", "interface": "USB 2.0", "color": null, "name": "TP-Link TL-WN7200ND", "price": null}, {"protocol": "802.11a/b/g/n/ac", "interface": "USB 2.0", "color": "Black", "name": "StarTech USB433ACD1X1", "price": "$26.88"}, {"protocol": "802.11b/g/n", "interface": "USB 3.0", "color": "Black", "name": "Belkin Linksys AE1200-NP", "price": "$41.47"}, {"protocol": "802.11b/g/n", "interface": "USB 2.0", "color": "Black", "name": "Sabrent USB-802N", "price": "$22.04"}, {"protocol": "802.11n", "interface": "USB 1.0", "color": null, "name": "StarTech USB150WN1X1W", "price": "$21.49"}, {"protocol": "802.11b/g/n", "interface": "PCI", "color": null, "name": "Encore ENLWI-N3", "price": null}, {"protocol": "802.11a/b/g/n/ac", "interface": "USB 3.0", "color": null, "name": "StarTech USB867WAC22", "price": "$47.89"}, {"protocol": "802.11b/g/n", "interface": "USB 2.0", "color": null, "name": "Edimax EW-7722UTn", "price": "$42.85"}, {"protocol": "802.11a/b/g", "interface": "PCI", "color": null, "name": "Cisco AIR-PI21AG-A-K9", "price": "$42.20"}, {"protocol": "802.11a/b/g/n", "interface": "USB 2.0", "color": null, "name": "TRENDnet TEW-664UB", "price": "$136.89"}, {"protocol": "802.11b/g/n", "interface": "PCIe x1", "color": null, "name": "Encore ENEWI-2XN42", "price": null}, {"protocol": "802.11b/g", "interface": "PCI", "color": null, "name": "Rosewill RNX-G300LX", "price": "$31.25"}, {"protocol": "802.11b/g", "interface": "USB 2.0", "color": null, "name": "IOGEAR GWU523", "price": null}, {"protocol": "802.11b/g/n", "interface": "USB 2.0", "color": null, "name": "Hawking Technology HWDN3", "price": "$49.08"}, {"protocol": "802.11b/g/n", "interface": "USB 2.0", "color": null, "name": "D-Link DWA-125", "price": "$52.49"}, {"protocol": "802.11b/g/n", "interface": "USB 2.0", "color": null, "name": "Netgear WNA1100-100ENS", "price": "$82.30"}, {"protocol": "802.11a/b/g/n/ac", "interface": "USB 3.0", "color": null, "name": "Rosewill RNX-AC1200UBE2", "price": null}, {"protocol": "802.11a/b/g/n", "interface": "USB 2.0", "color": null, "name": "Cisco AE3000", "price": null}, {"protocol": "802.11b/g/n", "interface": "USB 2.0", "color": null, "name": "TP-Link TL-WN721N", "price": null}, {"protocol": "802.11ac", "interface": "Mini-PCIe", "color": null, "name": "Intel 7260HMW", "price": null}, {"protocol": "802.11b/g/n", "interface": "PCI", "color": null, "name": "Edimax EW-7128Gn", "price": null}, {"protocol": "802.11a/b/g/n", "interface": "PCIe x1", "color": null, "name": "Edimax EW-7722PnD", "price": null}, {"protocol": "802.11a/b/g/n/ac", "interface": "USB 3.0", "color": null, "name": "IOGEAR GWU735", "price": null}, {"protocol": "802.11a/b/g/n/ac", "interface": "Mini-PCIe", "color": null, "name": "Intel 3160.NGWG", "price": null}, {"protocol": "802.11a/b/g/n/ac", "interface": "USB 2.0", "color": null, "name": "Netgear A6200-100NAS", "price": "$76.18"}, {"protocol": "802.11g/n", "interface": "USB 2.0", "color": null, "name": "D-Link DWA-140", "price": "$33.59"}, {"protocol": "802.11a/g/n", "interface": "USB 2.0", "color": null, "name": "D-Link DWA-160", "price": null}, {"protocol": "802.11b/g/n", "interface": "USB 2.0", "color": null, "name": "Netgear WNA1000M-100ENS", "price": "$45.60"}, {"protocol": "802.11b/g/n", "interface": "USB 2.0", "color": null, "name": "TP-Link TL-WN723N", "price": "$28.99"}, {"protocol": "802.11a/n/ac", "interface": "USB 2.0", "color": null, "name": "Edimax EW-7711MAC", "price": null}, {"protocol": "802.11b/g/n", "interface": "USB 2.0", "color": null, "name": "Belkin F9L1001", "price": "$60.55"}, {"protocol": "802.11b/g/n", "interface": "USB 2.0", "color": null, "name": "Belkin E9L1500", "price": "$94.03"}, {"protocol": "802.11b/g/n", "interface": "USB 2.0", "color": null, "name": "TRENDnet TEW-624UB", "price": "$64.89"}, {"protocol": "802.11b/g", "interface": "USB 2.0", "color": null, "name": "3M 78-6972-0104-0", "price": "$59.80"}, {"protocol": "802.11b/g", "interface": "USB 2.0", "color": null, "name": "TRENDnet TEW-424UB", "price": "$24.59"}, {"protocol": "802.11a/b/g/n", "interface": "Mini-PCIe", "color": null, "name": "Intel 7260", "price": null}, {"protocol": "802.11a/b/g/n/ac", "interface": "USB 2.0", "color": null, "name": "D-Link DWA-180", "price": null}, {"protocol": "802.11b/g/n", "interface": "USB 2.0", "color": null, "name": "Buffalo Technology WI-U2-300D", "price": null}, {"protocol": "802.11b/g/n", "interface": "PCIe x1", "color": null, "name": "Intel 2200BNHMWDTX1G", "price": null}, {"protocol": "802.11a/b/g/n/ac", "interface": "USB 2.0", "color": null, "name": "Hawking Technology HW7ACU", "price": "$54.90"}, {"protocol": "802.11n", "interface": "Mini-PCIe", "color": null, "name": "Intel 7260HMW BN", "price": null}, {"protocol": "802.11a/b/g/n", "interface": "USB 2.0", "color": null, "name": "TP-Link TL-WDN4200", "price": null}, {"protocol": "802.11a/b/g/n/ac", "interface": "USB 3.0", "color": null, "name": "AUKEY WF-R12", "price": null}, {"protocol": "802.11a/b/g/n", "interface": "USB 2.0", "color": null, "name": "D-Link DWA-162", "price": "$31.48"}, {"protocol": "802.11b/g/n", "interface": "PCI", "color": null, "name": "TP-Link TL-WN751ND", "price": null}, {"protocol": "802.11b/g/n", "interface": "USB 2.0", "color": null, "name": "TP-Link TL-WN727N", "price": null}, {"protocol": "802.11a/b/g/n/ac", "interface": "USB 3.0", "color": null, "name": "Netgear WF2190", "price": null}, {"protocol": "802.11b/g/n", "interface": "USB 2.0", "color": null, "name": "Rosewill RNX-N150NUB", "price": null}, {"protocol": "802.11a/b/g/n", "interface": "USB 2.0", "color": null, "name": "Rosewill RNX-N600UB", "price": "$52.19"}, {"protocol": "802.11a/b/g/n", "interface": "USB 2.0", "color": null, "name": "D-Link N69506", "price": null}, {"protocol": "802.11a/b/g/n/ac", "interface": "USB 2.0", "color": "White / Red", "name": "AVM FRITZ! WLAN Stick AC 430 MU-MIMO", "price": null}, {"protocol": "802.11a/b/g/n", "interface": "Mini-PCIe", "color": null, "name": "Intel 6300", "price": null}, {"protocol": "802.11b/g/n", "interface": "PCI", "color": null, "name": "Rosewill RNX-N250PC2", "price": null}, {"protocol": "802.11a/b/g/n", "interface": "USB 2.0", "color": null, "name": "Rosewill RNX-N600UBE", "price": null}, {"protocol": "802.11b/g/n", "interface": "USB 2.0", "color": null, "name": "Rosewill RNX-N250UBE", "price": null}, {"protocol": "802.11a/g/n", "interface": "Mini-PCIe", "color": null, "name": "Intel 6205", "price": null}, {"protocol": "802.11b/g", "interface": "USB 2.0", "color": null, "name": "Hawking Technology HWUG1", "price": null}, {"protocol": "802.11n", "interface": "USB 2.0", "color": null, "name": "Orico WRD150BLK", "price": null}, {"protocol": "802.11b/g/n", "interface": "PCI", "color": null, "name": "TRENDnet TEW-703PIL", "price": "$19.95"}, {"protocol": "802.11a/b/g/n/ac", "interface": "USB 2.0", "color": "Black", "name": "Rosewill RNX-AC600HGUBEv2", "price": "$35.18"}, {"protocol": "802.11a/b/g/n/ac", "interface": "USB 2.0", "color": null, "name": "Belkin AE6000", "price": "$45.21"}, {"protocol": "802.11a/b/g/n/ac", "interface": "USB 2.0", "color": "Black", "name": "Hawking Technology HW17ACU", "price": "$50.99"}, {"protocol": "802.11a/b/g/n", "interface": "USB 2.0", "color": null, "name": "StarTech USB300WN2X2C", "price": "$23.89"}, {"protocol": "802.11a/b/g/n", "interface": "Mini-PCIe", "color": null, "name": "Intel 7260", "price": "$24.99"}, {"protocol": "802.11a/b/g/n", "interface": "Half Mini-PCIe", "color": null, "name": "Intel 6235AN.HMWWB", "price": "$19.38"}, {"protocol": "802.11a/b/g/n/ac", "interface": "USB 2.0", "color": null, "name": "StarTech USB433WACDB", "price": "$37.01"}, {"protocol": "802.11a/b/g/n/ac", "interface": "USB 2.0", "color": null, "name": "Edimax EW-7811DAC", "price": null}, {"protocol": "802.11b/g", "interface": "USB 2.0", "color": null, "name": "Encore ENUWI-G2", "price": "$32.20"}, {"protocol": "802.11a/b/g/n", "interface": "USB 2.0", "color": null, "name": "Asus USB-N66", "price": null}, {"protocol": "802.11a/b/g/n", "interface": "Mini-PCIe", "color": null, "name": "Intel 7260", "price": "$43.62"}, {"protocol": "802.11b/g/n", "interface": "USB 2.0", "color": null, "name": "SIIG JU-WR0012-S1", "price": "$41.69"}, {"protocol": "802.11b/g/n", "interface": "PCI", "color": null, "name": "TRENDnet TEW-703PI", "price": "$55.58"}, {"protocol": "802.11b/g/n", "interface": "USB 2.0", "color": null, "name": "Encore ENUWI-1XN4M", "price": null}, {"protocol": "802.11a/b/g/n/ac", "interface": "USB 2.0", "color": null, "name": "Buffalo Technology WI-U2-433DM", "price": null}, {"protocol": "802.11n", "interface": "Mini-PCIe", "color": null, "name": "Intel 135", "price": null}, {"protocol": "802.11a/b/g/n", "interface": "USB 2.0", "color": null, "name": "Samsung WIS12ABGNX/XAA", "price": null}, {"protocol": "802.11n", "interface": "Mini-PCIe", "color": null, "name": "Intel 7260HMW", "price": null}, {"protocol": "802.11n", "interface": "USB 1.0", "color": null, "name": "BenQ WDRT8192", "price": null}, {"protocol": "802.11n", "interface": "Mini-PCIe", "color": null, "name": "Intel 2200BNHMW", "price": null}, {"protocol": "802.11a/b/g/n/ac", "interface": "USB 3.0", "color": null, "name": "Belkin F9L1109-OM", "price": null}, {"protocol": "802.11a/b/g/n", "interface": "USB 2.0", "color": null, "name": "Belkin B2N002", "price": null}, {"protocol": "802.11a/b/g/n", "interface": "USB 2.0", "color": null, "name": "Hawking Technology HD45U", "price": null}, {"protocol": "802.11b/g/n", "interface": "USB 2.0", "color": null, "name": "Hawking Technology HAWNU1", "price": "$122.36"}, {"protocol": "802.11g/n", "interface": "USB 2.0", "color": null, "name": "D-Link DWA-130", "price": null}, {"protocol": "802.11b/g/n", "interface": "USB 2.0", "color": null, "name": "Patriot PCBOWAU2-N", "price": "$52.20"}, {"protocol": "802.11a/b/g/n", "interface": "USB 2.0", "color": null, "name": "Orico ORICO WRB150", "price": null}, {"protocol": "802.11a/b/g/n", "interface": "USB 2.0", "color": null, "name": "Orico ORICO WRB150", "price": null}, {"protocol": "802.11a/b/g/n", "interface": "USB 2.0", "color": null, "name": "Orico ORICO WRA150", "price": null}, {"protocol": "802.11b/g/n", "interface": "PCI", "color": null, "name": "StarTech PCI300WN2X2", "price": "$106.09"}, {"protocol": "802.11b/g/n", "interface": "USB 2.0", "color": null, "name": "IOGEAR GWU625", "price": null}, {"protocol": "802.11a/b/g/n", "interface": "USB 2.0", "color": null, "name": "Rosewill N900UBE", "price": null}, {"protocol": "802.11b/g/n", "interface": "USB 2.0", "color": null, "name": "IOGEAR GWU627W6", "price": null}, {"protocol": "802.11b/g/n", "interface": "USB 2.0", "color": null, "name": "SIIG JU-WR0112-S1", "price": "$56.98"}, {"protocol": "802.11b/g/n", "interface": "USB 2.0", "color": null, "name": "Belkin F7D2102", "price": null}, {"protocol": "802.11a/b/g/n", "interface": "USB 2.0", "color": null, "name": "Linksys AE3000-CA", "price": null}, {"protocol": "802.11b/g/n", "interface": "PCIe x1", "color": null, "name": "SIIG CN-WR0811-S1", "price": null}, {"protocol": "802.11n", "interface": "Mini-PCIe", "color": null, "name": "Intel 105", "price": null}, {"protocol": "802.11b/g/n", "interface": "USB 2.0", "color": null, "name": "Orico ORICO WRD150", "price": null}, {"protocol": "802.11b/g/n", "interface": "USB 2.0", "color": null, "name": "Cisco AM10", "price": null}, {"protocol": "802.11a/b/g/n", "interface": "USB 1.0", "color": null, "name": "StarTech USB300WN2X2D", "price": null}, {"protocol": "802.11b/g/n", "interface": "USB 2.0", "color": null, "name": "Edimax EW-7711USN", "price": null}, {"protocol": "802.11a/b/g/n", "interface": "USB 2.0", "color": null, "name": "Linksys AE2500-CA", "price": null}, {"protocol": "802.11b/g/n", "interface": "PCI", "color": null, "name": "Edimax EW-7722In", "price": null}, {"protocol": "802.11a/b/g/n", "interface": "USB 2.0", "color": null, "name": "Patriot PCUSBW1150", "price": null}, {"protocol": "802.11b/g/n", "interface": "USB 2.0", "color": null, "name": "Diamond WL700NXS", "price": "$68.89"}, {"protocol": "802.11n", "interface": "Mini-PCIe", "color": null, "name": "Intel 6235ANHMW", "price": null}, {"protocol": "802.11a/b/g/n", "interface": "PCIe x1", "color": null, "name": "D-Link DWA-548", "price": null}, {"protocol": "802.11a/b/g/n", "interface": "USB 1.0", "color": null, "name": "Belkin F7D1102", "price": null}, {"protocol": "802.11n", "interface": "USB 2.0", "color": null, "name": "Belkin AE3000", "price": null}, {"protocol": "802.11b/g/n", "interface": "USB 2.0", "color": null, "name": "Syba CL-ADA24004", "price": null}, {"protocol": "802.11a/b/g/n/ac", "interface": "USB 2.0", "color": null, "name": "TRENDnet TEW-804UB", "price": null}, {"protocol": "802.11b/g/n", "interface": "USB 2.0", "color": null, "name": "Syba CL-ADA23032", "price": null}, {"protocol": "802.11b/g/n", "interface": "USB 2.0", "color": null, "name": "Rosewill RNX-N150NUB", "price": null}, {"protocol": "802.11a/b/g/n", "interface": "USB 2.0", "color": null, "name": "Edimax EW-7722UnD", "price": null}, {"protocol": "802.11b/g/n", "interface": "USB 2.0", "color": null, "name": "SIIG JU-WR0212-S1", "price": "$57.68"}, {"protocol": "802.11b/g/n", "interface": "USB 2.0", "color": null, "name": "Rosewill RNX-MiniN2(RWLD-11002)", "price": null}, {"protocol": "802.11b/g/n", "interface": "USB 2.0", "color": null, "name": "Rosewill RNWD-N1502UBE", "price": null}, {"protocol": "802.11b/g/n", "interface": "USB 2.0", "color": null, "name": "Rosewill RNWD-N1501UB", "price": null}, {"protocol": "802.11a/b/g/n", "interface": "USB 2.0", "color": null, "name": "Linksys AE2500", "price": "$52.90"}, {"protocol": "802.11b/g/n", "interface": "USB 2.0", "color": null, "name": "TRENDnet TEW-646UBH", "price": null}, {"protocol": "802.11b/g/n", "interface": "PCI", "color": null, "name": "TRENDnet TEW-623PI", "price": "$64.35"}, {"protocol": "802.11b/g/n", "interface": "USB 2.0", "color": null, "name": "Encore ENUWI-2XN45", "price": null}, {"protocol": "802.11b/g/n", "interface": "PCIe x1", "color": null, "name": "Encore ENEWI-2XN45", "price": null}, {"protocol": "802.11b/g/n", "interface": "USB 2.0", "color": "Black", "name": "TRENDnet TBW-108UB", "price": "$21.99"}, {"protocol": "802.11b/g", "interface": "PCI", "color": null, "name": "Rosewill RNX-G300EX", "price": null}, {"protocol": "802.11b/g/n", "interface": "USB 2.0", "color": null, "name": "Athenatech NE-WN3201D", "price": null}, {"protocol": "802.11a/b/g/n/ac", "interface": "USB 3.0", "color": null, "name": "Rosewill AC1200UBE", "price": null}, {"protocol": "802.11b/g/n", "interface": "USB 2.0", "color": null, "name": "Asus USB-N13", "price": null}]