[{"interface": "PCIe x1", "ports": "1000 Mbit/s", "color": null, "name": "TP-Link TG-3468", "price": "$18.98"}, {"interface": "PCIe x4", "ports": "10 Gbit/s", "color": null, "name": "Asus XG-C100C", "price": "$109.09"}, {"interface": "PCIe x8", "ports": "2 x 10 Gbit/s", "color": null, "name": "Intel X540-BT2", "price": "$683.00"}, {"interface": "USB 2.0", "ports": "1000 Mbit/s", "color": null, "name": "StarTech USB21000S2", "price": "$74.13"}, {"interface": "PCIe x1", "ports": "1000 Mbit/s", "color": null, "name": "Intel EXPI9301CTBLK", "price": "$37.70"}, {"interface": "PCIe x4", "ports": "2 x 10 Gbit/s", "color": null, "name": "Intel X550-T2", "price": "$370.99"}, {"interface": "PCIe x4", "ports": "2 x 1000 Mbit/s", "color": null, "name": "Intel E1G42ETBLK", "price": "$62.60"}, {"interface": "PCIe x8", "ports": "2 x 10 Gbit/s", "color": null, "name": "QLogic QLE3242-CU-CK", "price": "$163.69"}, {"interface": "PCIe x4", "ports": "4 x 1000 Mbit/s", "color": null, "name": "Intel E1G44HTBLK", "price": "$59.30"}, {"interface": "PCIe x4", "ports": "10 Gbit/s", "color": null, "name": "StarTech ST10000SPEX", "price": "$538.43"}, {"interface": "PCIe x4", "ports": "10 Gbit/s", "color": null, "name": "QNAP QXG-10G1T", "price": "$106.79"}, {"interface": "PCIe x8", "ports": "2 x 10 Gbit/s", "color": null, "name": "D-Link DXE-820T", "price": "$494.59"}, {"interface": "PCIe x1", "ports": "1000 Mbit/s", "color": null, "name": "Intel EXPI9301CT", "price": "$38.59"}, {"interface": "USB Type-C", "ports": "2.5 Gbit/s", "color": "Black", "name": "TRENDnet TUC-ET2G", "price": "$50.39"}, {"interface": "PCIe x4", "ports": "10 Gbit/s", "color": "Black / White", "name": "Gigabyte GC-AQC107", "price": null}, {"interface": "PCIe x1", "ports": "2 x 1000 Mbit/s", "color": null, "name": "StarTech ST1000SPEXD2", "price": "$12.28"}, {"interface": "PCIe x4", "ports": "2 x 1000 Mbit/s", "color": "Green / Black", "name": "Intel EXPI9402PTG2P20", "price": "$42.60"}, {"interface": "PCIe x4", "ports": "10 Gbit/s", "color": "Green / Black", "name": "Syba SD-PEX24055", "price": "$110.99"}, {"interface": "USB 3.0", "ports": "1000 Mbit/s", "color": null, "name": "StarTech ST3300U3S", "price": "$57.79"}, {"interface": "USB 3.0", "ports": "1000 Mbit/s", "color": null, "name": "TP-Link UE300", "price": "$14.85"}, {"interface": "PCIe x4", "ports": "4 x 1000 Mbit/s", "color": null, "name": "Intel EXPI9404PTL", "price": null}, {"interface": "PCIe x4", "ports": "4 x 1000 Mbit/s", "color": null, "name": "Intel E1G44HT", "price": "$146.09"}, {"interface": "USB 3.0", "ports": "4 x 1000 Mbit/s", "color": "Black", "name": "Syba SY-HUB24047", "price": null}, {"interface": "PCIe x1", "ports": "4 x 1000 Mbit/s", "color": "Green / Black", "name": "Syba SI-PEX24042", "price": "$45.79"}, {"interface": "PCIe x4", "ports": "10 Gbit/s", "color": "Green / Silver", "name": "TRENDnet TRENDnet TEG-10GECTX 10 Gigabit PCIe Network Adapter", "price": "$246.40"}, {"interface": "PCIe x1", "ports": "2 x 1000 Mbit/s", "color": null, "name": "Rosewill RNG-407-Dual", "price": "$35.59"}, {"interface": "USB 3.0", "ports": "2 x 1000 Mbit/s", "color": null, "name": "StarTech USB32000SPT", "price": "$56.19"}, {"interface": "USB 3.0", "ports": "1000 Mbit/s", "color": "Black", "name": "Linksys USB3GIG", "price": "$39.49"}, {"interface": "PCIe x8", "ports": "2 x 10 Gbit/s", "color": "Green / Black", "name": "Intel X520-T2", "price": null}, {"interface": "PCIe x8", "ports": "2 x 10 Gbit/s", "color": null, "name": "Intel E10G42BT", "price": null}, {"interface": "PCIe x4", "ports": "4 x 1000 Mbit/s", "color": null, "name": "Intel E1G44ET2BLK", "price": "$474.00"}, {"interface": "PCIe x4", "ports": "2 x 10 Gbit/s", "color": "Black / Silver", "name": "Rosewill RC-NIC416Dual", "price": null}, {"interface": "PCIe x1", "ports": "1000 Mbit/s", "color": null, "name": "Rosewill RC-411", "price": "$20.09"}, {"interface": "USB 3.0", "ports": "1000 Mbit/s", "color": null, "name": "Lenovo 4X90E51405", "price": "$36.49"}, {"interface": "PCIe x1", "ports": "1000 Mbit/s", "color": null, "name": "Syba SD-PEX24009", "price": "$18.44"}, {"interface": "PCIe x1", "ports": "2 x 1000 Mbit/s", "color": null, "name": "Syba SY-PEX24028", "price": "$40.49"}, {"interface": "PCIe x4", "ports": "4 x 1000 Mbit/s", "color": null, "name": "Intel EXPI9404PTLBLK-1PK", "price": null}, {"interface": "PCIe x4", "ports": "10 Gbit/s", "color": "Green / Black", "name": "Syba SY-PEX24056", "price": "$129.39"}, {"interface": "PCIe x4", "ports": "4 x 1000 Mbit/s", "color": null, "name": "Intel EXPI9404PTLBLK", "price": null}, {"interface": "PCIe x1", "ports": "100 Mbit/s", "color": null, "name": "StarTech PEX100S", "price": "$21.88"}, {"interface": "PCIe x4", "ports": "2 x 1000 Mbit/s", "color": null, "name": "Intel EXPI9402PT", "price": null}, {"interface": "PCI", "ports": "1000 Mbit/s", "color": null, "name": "StarTech ST1000BT32", "price": "$12.59"}, {"interface": "PCIe x4", "ports": "4 x 1000 Mbit/s", "color": null, "name": "StarTech ST1000SPEX42", "price": "$293.03"}, {"interface": "PCI", "ports": "1000 Mbit/s", "color": null, "name": "Asus NX1101", "price": "$107.89"}, {"interface": "PCIe x4", "ports": "2 x 1000 Mbit/s", "color": null, "name": "Intel E1G42ET", "price": "$195.39"}, {"interface": "PCIe x1", "ports": "1000 Mbit/s", "color": null, "name": "StarTech ST1000SPEX2L", "price": "$18.16"}, {"interface": "PCIe x4", "ports": "4 x 1000 Mbit/s", "color": "Green / Black", "name": "Syba SY-PEX24045", "price": "$91.59"}, {"interface": "USB 2.0", "ports": "100 Mbit/s", "color": null, "name": "Edimax EU-4208", "price": "$15.90"}, {"interface": "PCI", "ports": "1000 Mbit/s", "color": null, "name": "D-Link DGE-530T", "price": "$17.79"}, {"interface": "PCIe x1", "ports": "1000 Mbit/s", "color": null, "name": "StarTech ST1000SPEX2", "price": "$22.45"}, {"interface": "PCI", "ports": "100 Mbit/s", "color": null, "name": "StarTech ST100S", "price": "$13.88"}, {"interface": "PCIe x4", "ports": "4 x 1000 Mbit/s", "color": null, "name": "StarTech ST1000SPEX4", "price": "$374.51"}, {"interface": "USB 3.0", "ports": "1000 Mbit/s", "color": null, "name": "Syba SD-ADA24032", "price": "$27.69"}, {"interface": "PCIe x4", "ports": "4 x 1000 Mbit/s", "color": null, "name": "Intel E1G44ET2", "price": "$482.80"}, {"interface": "USB 3.0", "ports": "1000 Mbit/s", "color": null, "name": "Plugable USB3-E1000", "price": "$19.45"}, {"interface": "USB 3.0", "ports": "1000 Mbit/s", "color": null, "name": "StarTech USB31000SPTB", "price": "$41.13"}, {"interface": "PCIe x1", "ports": "2 x 1000 Mbit/s", "color": "Green / Black", "name": "Lenovo 7ZT7A00482", "price": "$84.78"}, {"interface": "USB Type-C", "ports": "1000 Mbit/s", "color": null, "name": "Belkin F2CU040btBLK", "price": "$31.68"}, {"interface": "PCIe x1", "ports": "2 x 1000 Mbit/s", "color": null, "name": "StarTech ST2000PEXPSE", "price": "$112.96"}, {"interface": "PCI", "ports": "1000 Mbit/s", "color": null, "name": "TP-Link TG-3269", "price": null}, {"interface": "USB Type-C", "ports": "1000 Mbit/s", "color": "Black", "name": "Belkin B2B145-BLK", "price": "$37.94"}, {"interface": "USB 3.0", "ports": "1000 Mbit/s", "color": null, "name": "StarTech USB31000SPTW", "price": "$32.90"}, {"interface": "PCIe x1", "ports": "1000 Mbit/s", "color": null, "name": "Syba SY-PEX24030", "price": "$27.05"}, {"interface": "PCI", "ports": "100 Mbit/s", "color": null, "name": "Rosewill RC-402", "price": "$13.48"}, {"interface": "PCI", "ports": "100 Mbit/s", "color": null, "name": "TP-Link TF-3239DL", "price": "$32.00"}, {"interface": "PCIe x4", "ports": "2 x 1000 Mbit/s", "color": null, "name": "Intel EXPI9402PTBLK-1PK", "price": null}, {"interface": "PCIe x1", "ports": "1000 Mbit/s", "color": "Black", "name": "EDUP EP-9602GS", "price": null}, {"interface": "PCIe x4", "ports": "4 x 1000 Mbit/s", "color": null, "name": "SIIG CN-GP4011-S1", "price": "$518.79"}, {"interface": "PCI", "ports": "1000 Mbit/s", "color": null, "name": "Intel PWLA8391GTLBLK", "price": "$43.89"}, {"interface": "USB 3.0", "ports": "1000 Mbit/s", "color": null, "name": "StarTech USB31000NDS", "price": "$33.29"}, {"interface": "USB 2.0", "ports": "1000 Mbit/s", "color": null, "name": "Syba SY-ADA24029", "price": "$26.18"}, {"interface": "USB Type-C", "ports": "1000 Mbit/s", "color": "Black", "name": "Rosewill RNG-408U", "price": "$27.49"}, {"interface": "PCI", "ports": "100 Mbit/s", "color": null, "name": "Belkin F5D5000", "price": "$18.34"}, {"interface": "USB 3.0", "ports": "1000 Mbit/s", "color": null, "name": "SIIG JU-NE0511-S1", "price": "$52.10"}, {"interface": "USB 3.0", "ports": "1000 Mbit/s", "color": null, "name": "Syba SY-ADA24040", "price": null}, {"interface": "USB 2.0", "ports": "100 Mbit/s", "color": null, "name": "Syba SY-ADA24027", "price": "$20.18"}, {"interface": "USB 1.0", "ports": "100 Mbit/s", "color": null, "name": "Syba SY-ADA24005", "price": null}, {"interface": "PCIe x1", "ports": "2 x 1000 Mbit/s", "color": null, "name": "SIIG CN-GP2011-S1", "price": "$80.95"}, {"interface": "PCIe x1", "ports": "2 x 1000 Mbit/s", "color": null, "name": "StarTech ST1000SPEXD3", "price": null}, {"interface": "USB 3.0", "ports": "1000 Mbit/s", "color": null, "name": "Rosewill RNG-406U", "price": "$28.29"}, {"interface": "PCI", "ports": "1000 Mbit/s", "color": null, "name": "Rosewill RC-400-LX", "price": "$23.08"}, {"interface": "PCIe x1", "ports": "1000 Mbit/s", "color": null, "name": "SIIG CN-GP1021-S3", "price": "$35.05"}, {"interface": "PCI", "ports": "1000 Mbit/s", "color": null, "name": "Netgear GA311", "price": "$27.89"}, {"interface": "USB 1.0", "ports": "100 Mbit/s", "color": null, "name": "Belkin F4U047-RS", "price": null}, {"interface": "USB 2.0", "ports": "100 Mbit/s", "color": null, "name": "Rosewill RNF-405U", "price": null}, {"interface": "PCI-X", "ports": "1000 Mbit/s", "color": null, "name": "Intel PWLA8490MTBLK", "price": null}, {"interface": "PCIe x4", "ports": "2 x 1000 Mbit/s", "color": null, "name": "SIIG CN-GP1111-S1", "price": "$235.88"}, {"interface": "USB 3.0", "ports": "1000 Mbit/s", "color": null, "name": "Edimax EU-4306", "price": "$30.89"}, {"interface": "PCI", "ports": "100 Mbit/s", "color": null, "name": "D-Link DFE530TX+", "price": "$29.48"}, {"interface": "USB 3.0", "ports": "1000 Mbit/s", "color": "White", "name": "SIIG JU-NE0621-S2", "price": "$20.29"}, {"interface": "PCIe x4", "ports": "4 x 1000 Mbit/s", "color": "Green / Silver", "name": "Supermicro SGP-i4", "price": null}, {"interface": "USB Type-C", "ports": "1000 Mbit/s", "color": "Black", "name": "Tripp Lite U436-000-GB", "price": "$28.74"}, {"interface": "USB 3.0", "ports": "1000 Mbit/s", "color": null, "name": "StarTech USB31000SW", "price": "$29.99"}, {"interface": "USB 1.0", "ports": "1000 Mbit/s", "color": null, "name": "StarTech USB31000S", "price": "$29.69"}, {"interface": "USB 3.0", "ports": "1000 Mbit/s", "color": "Black", "name": "SIIG JU-NE0711-S1", "price": "$24.71"}, {"interface": "Mini-PCIe", "ports": "1000 Mbit/s", "color": null, "name": "StarTech ST1000SMPEX", "price": "$46.60"}, {"interface": "PCI", "ports": "1000 Mbit/s", "color": null, "name": "Intel PWLA8391GT", "price": "$51.28"}, {"interface": "PCI", "ports": "1000 Mbit/s", "color": null, "name": "Intel PWLA8391GTBLK", "price": "$36.87"}, {"interface": "USB Type-C", "ports": "1000 Mbit/s", "color": "Black", "name": "V7 V7UCRJ45-BLK-1N", "price": "$23.49"}, {"interface": "PCI", "ports": "1000 Mbit/s", "color": null, "name": "Rosewill RC-404", "price": "$24.59"}, {"interface": "USB 1.0", "ports": "100 Mbit/s", "color": null, "name": "D-Link DUB-E100", "price": "$19.09"}, {"interface": "USB 3.0", "ports": "1000 Mbit/s", "color": "Black", "name": "D-Link DUB-1312", "price": "$26.29"}, {"interface": "USB Type-C", "ports": "1000 Mbit/s", "color": null, "name": "Plugable USBC-E1000", "price": "$21.75"}, {"interface": "PCI", "ports": "1000 Mbit/s", "color": null, "name": "TRENDnet TEG-PCITXR", "price": "$58.27"}, {"interface": "PCI", "ports": "1000 Mbit/s", "color": null, "name": "Rosewill RC-400", "price": null}, {"interface": "USB 3.0", "ports": "1000 Mbit/s", "color": null, "name": "Syba SI-ADA24037", "price": null}, {"interface": "PCIe x1", "ports": "1000 Mbit/s", "color": null, "name": "Rosewill RC-401-EX", "price": null}, {"interface": "PCIe x4", "ports": "4 x 1000 Mbit/s", "color": null, "name": "Cisco N2XX-ABPCI03-M3=", "price": null}, {"interface": "PCIe x1", "ports": "1000 Mbit/s", "color": null, "name": "VisionTek Bigfoot Killer 2100", "price": null}, {"interface": "PCIe x1", "ports": "1000 Mbit/s", "color": null, "name": "StarTech ST1000SPEX", "price": null}, {"interface": "PCIe x4", "ports": "2 x 1000 Mbit/s", "color": null, "name": "Supermicro AOC-SG-i2", "price": null}, {"interface": "PCI-X", "ports": "2 x 1000 Mbit/s", "color": null, "name": "Intel PWLA8492MT", "price": null}, {"interface": "USB 1.0", "ports": "10 Mbit/s", "color": null, "name": "Acer NP.OTH11.005", "price": null}, {"interface": "Mini-PCIe", "ports": "1000 Mbit/s", "color": null, "name": "Syba SI-MPE24043", "price": "$20.78"}, {"interface": "PCI-X", "ports": "2 x 1000 Mbit/s", "color": null, "name": "Intel PWLA8492MTBLK5", "price": null}, {"interface": "PCI", "ports": "100 Mbit/s", "color": null, "name": "TRENDnet TE100-PCIWN", "price": null}, {"interface": "PCIe x4", "ports": "4 x 1000 Mbit/s", "color": null, "name": "SIIG CN-GP4111-S1", "price": null}, {"interface": "PCI", "ports": "1000 Mbit/s", "color": null, "name": "Intel PWLA8391GTBLK-1PK", "price": null}, {"interface": "PCI", "ports": "1000 Mbit/s", "color": null, "name": "SIIG CN-GP1011-S3", "price": "$32.89"}, {"interface": "PCI", "ports": "100 Mbit/s", "color": null, "name": "Edimax EN-9130TXL", "price": null}, {"interface": "USB 2.0", "ports": "100 Mbit/s", "color": null, "name": "Syba SY-ADA24024", "price": null}]